ID_Number_Seal,VARIABLE_ID,VARIABLE_VALUE,CREATE_DATE
000491200911056,18749E59-C3CE-43CB-AF66-521BD545CB99,AC110V/DC110V,2018-05-31 12:48:50.570
000491200911056,2528B418-B183-4D5C-96B3-A871373EFBE8,3 pole,2018-05-31 12:48:50.570
000491200911056,30F03F25-4FAC-465F-8172-4BFEEE958E48,without,2018-05-31 12:48:50.570
000491200911056,328F9488-0038-42B7-9333-8724B9E7602C,1600 A,2018-05-31 12:48:50.570
000491200911056,3E876207-7C08-4CDF-9669-E6BD5CD944E2,"抽屉式, 带框架，水平后置连接",2018-05-31 12:48:50.570
000491200911056,4273CDC5-0F33-4C46-B357-E9F259FB46CB,3 pole,2018-05-31 12:48:50.570
000491200911056,46B0E2EE-93F2-4A4B-A47F-9D9C681C3F03,AC110V/DC110V,2018-05-31 12:48:50.570
000491200911056,4F0DCF49-196B-4E3A-9FE0-8238307196B1,IEC 市场,2018-05-31 12:48:50.570
000491200911056,4FB1ABE3-9F0E-4E05-95AF-A146EEBCE760,2NO+2NC,2018-05-31 12:48:50.570
000491200911056,509F9AB5-5416-4599-BE63-8191D05783C3,"ETU45B: LSING,LCD",2018-05-31 12:48:50.570
000491200911056,613346BC-2AD3-44BC-9452-11F44EF21079,N class,2018-05-31 12:48:50.570
000491200911056,61F04A6A-8ABF-4838-B7BF-C22549C2E807,无,2018-05-31 12:48:50.570
000491200911056,64FF8B58-0FAB-4BB5-8D46-C043F4852B69,2NO+2NC,2018-05-31 12:48:50.570
000491200911056,662543AD-AB4C-460E-8405-FF6E9D65DE18,"ETU45B: LSING,LCD",2018-05-31 12:48:50.570
000491200911056,679923CE-13F6-4774-8694-A93EC845250F,1600 A,2018-05-31 12:48:50.570
000491200911056,89BBC6F3-6088-43C5-BD53-ABC951639983,3WL11,2018-05-31 12:48:50.570
000491200911056,A6DBD6A0-A1FF-40EF-8705-694C3560E95A,AC110V/DC110V,2018-05-31 12:48:50.570
000491200911056,B2DD2F19-2E39-483F-BE41-5FF0A7380FF3,"Withdrawable, with frame, horizontal connection",2018-05-31 12:48:50.570
000491200911056,D4896EEA-79AE-47A6-82BF-4EF3FB8A2D8F,N 型（常规型）,2018-05-31 12:48:50.570
000491200911056,E19D2E53-11C2-4DCC-B959-AF502EF3956F,"手动储能，电动储能(AC110-127V,DC110-125V)，机械合闸，电气合闸(AC110V/DC110V)",2018-05-31 12:48:50.570
000491200911056,E323F29B-467F-4C2D-8EC7-26662F84B195,IEC market as per IEC 60947-2,2018-05-31 12:48:50.570
000491200911056,E8F770E0-3779-49AB-AC88-559505831C62,"manual+motor operating(AC110-127V,DC110-125V)with mechanical and electrical closing(AC110V/DC110V)",2018-05-31 12:48:50.570
000491200911056,EDE1DB83-B1BD-4040-9BA1-9E896E81C702,3WL11,2018-05-31 12:48:50.570
000491200911056,F57CD891-5970-4777-B11C-9A796EC01F4E,AC110V/DC110V,2018-05-31 12:48:50.570
000491200911060,18749E59-C3CE-43CB-AF66-521BD545CB99,without closing coil,2018-05-31 12:48:50.570
000491200911060,2528B418-B183-4D5C-96B3-A871373EFBE8,3 pole,2018-05-31 12:48:50.570
000491200911060,30F03F25-4FAC-465F-8172-4BFEEE958E48,DC60V,2018-05-31 12:48:50.570
000491200911060,328F9488-0038-42B7-9333-8724B9E7602C,2500 A,2018-05-31 12:48:50.570
000491200911060,3E876207-7C08-4CDF-9669-E6BD5CD944E2,"抽屉式, 带框架，水平后置连接",2018-05-31 12:48:50.570
000491200911060,4273CDC5-0F33-4C46-B357-E9F259FB46CB,3 pole,2018-05-31 12:48:50.570
000491200911060,46B0E2EE-93F2-4A4B-A47F-9D9C681C3F03,无合闸线圈,2018-05-31 12:48:50.570
000491200911060,4F0DCF49-196B-4E3A-9FE0-8238307196B1,IEC 市场,2018-05-31 12:48:50.570
000491200911060,4FB1ABE3-9F0E-4E05-95AF-A146EEBCE760,2NO+2NC,2018-05-31 12:48:50.570
000491200911060,509F9AB5-5416-4599-BE63-8191D05783C3,ETU45B: LSIN,2018-05-31 12:48:50.570
000491200911060,613346BC-2AD3-44BC-9452-11F44EF21079,S class,2018-05-31 12:48:50.570
000491200911060,61F04A6A-8ABF-4838-B7BF-C22549C2E807,DC60V,2018-05-31 12:48:50.570
000491200911060,64FF8B58-0FAB-4BB5-8D46-C043F4852B69,2NO+2NC,2018-05-31 12:48:50.570
000491200911060,662543AD-AB4C-460E-8405-FF6E9D65DE18,ETU45B: LSIN,2018-05-31 12:48:50.570
000491200911060,679923CE-13F6-4774-8694-A93EC845250F,2500 A,2018-05-31 12:48:50.570
000491200911060,89BBC6F3-6088-43C5-BD53-ABC951639983,3WL12,2018-05-31 12:48:50.570
000491200911060,A6DBD6A0-A1FF-40EF-8705-694C3560E95A,DC60V,2018-05-31 12:48:50.570
000491200911060,B2DD2F19-2E39-483F-BE41-5FF0A7380FF3,"Withdrawable, with frame, horizontal connection",2018-05-31 12:48:50.570
000491200911060,D4896EEA-79AE-47A6-82BF-4EF3FB8A2D8F,S 型（标准型）,2018-05-31 12:48:50.570
000491200911060,E19D2E53-11C2-4DCC-B959-AF502EF3956F,手动储能，机械合闸,2018-05-31 12:48:50.570
000491200911060,E323F29B-467F-4C2D-8EC7-26662F84B195,IEC market as per IEC 60947-2,2018-05-31 12:48:50.570
000491200911060,E8F770E0-3779-49AB-AC88-559505831C62,manual operating with mechanical closing,2018-05-31 12:48:50.570
000491200911060,EDE1DB83-B1BD-4040-9BA1-9E896E81C702,3WL12,2018-05-31 12:48:50.570
000491200911060,F57CD891-5970-4777-B11C-9A796EC01F4E,DC60V,2018-05-31 12:48:50.570
000491200911063,18749E59-C3CE-43CB-AF66-521BD545CB99,AC110V/DC110V,2018-05-31 12:48:50.570
000491200911063,2528B418-B183-4D5C-96B3-A871373EFBE8,3 pole,2018-05-31 12:48:50.570
000491200911063,30F03F25-4FAC-465F-8172-4BFEEE958E48,without,2018-05-31 12:48:50.570
000491200911063,328F9488-0038-42B7-9333-8724B9E7602C,1600 A,2018-05-31 12:48:50.570
000491200911063,3E876207-7C08-4CDF-9669-E6BD5CD944E2,"抽屉式, 带框架，水平后置连接",2018-05-31 12:48:50.570
000491200911063,4273CDC5-0F33-4C46-B357-E9F259FB46CB,3 pole,2018-05-31 12:48:50.570
000491200911063,46B0E2EE-93F2-4A4B-A47F-9D9C681C3F03,AC110V/DC110V,2018-05-31 12:48:50.570
000491200911063,4F0DCF49-196B-4E3A-9FE0-8238307196B1,IEC 市场,2018-05-31 12:48:50.570
000491200911063,4FB1ABE3-9F0E-4E05-95AF-A146EEBCE760,2NO+2NC,2018-05-31 12:48:50.570
000491200911063,509F9AB5-5416-4599-BE63-8191D05783C3,"ETU45B: LSING,LCD",2018-05-31 12:48:50.570
000491200911063,613346BC-2AD3-44BC-9452-11F44EF21079,N class,2018-05-31 12:48:50.570
000491200911063,61F04A6A-8ABF-4838-B7BF-C22549C2E807,无,2018-05-31 12:48:50.570
000491200911063,64FF8B58-0FAB-4BB5-8D46-C043F4852B69,2NO+2NC,2018-05-31 12:48:50.570
000491200911063,662543AD-AB4C-460E-8405-FF6E9D65DE18,"ETU45B: LSING,LCD",2018-05-31 12:48:50.570
000491200911063,679923CE-13F6-4774-8694-A93EC845250F,1600 A,2018-05-31 12:48:50.570
000491200911063,89BBC6F3-6088-43C5-BD53-ABC951639983,3WL11,2018-05-31 12:48:50.570
000491200911063,A6DBD6A0-A1FF-40EF-8705-694C3560E95A,AC110V/DC110V,2018-05-31 12:48:50.570
000491200911063,B2DD2F19-2E39-483F-BE41-5FF0A7380FF3,"Withdrawable, with frame, horizontal connection",2018-05-31 12:48:50.570
000491200911063,D4896EEA-79AE-47A6-82BF-4EF3FB8A2D8F,N 型（常规型）,2018-05-31 12:48:50.570
000491200911063,E19D2E53-11C2-4DCC-B959-AF502EF3956F,"手动储能，电动储能(AC110-127V,DC110-125V)，机械合闸，电气合闸(AC110V/DC110V)",2018-05-31 12:48:50.570
000491200911063,E323F29B-467F-4C2D-8EC7-26662F84B195,IEC market as per IEC 60947-2,2018-05-31 12:48:50.570
000491200911063,E8F770E0-3779-49AB-AC88-559505831C62,"manual+motor operating(AC110-127V,DC110-125V)with mechanical and electrical closing(AC110V/DC110V)",2018-05-31 12:48:50.570
000491200911063,EDE1DB83-B1BD-4040-9BA1-9E896E81C702,3WL11,2018-05-31 12:48:50.570
000491200911063,F57CD891-5970-4777-B11C-9A796EC01F4E,AC110V/DC110V,2018-05-31 12:48:50.570
000491200911065,18749E59-C3CE-43CB-AF66-521BD545CB99,without closing coil,2018-05-31 12:48:50.570
000491200911065,2528B418-B183-4D5C-96B3-A871373EFBE8,3 pole,2018-05-31 12:48:50.570
000491200911065,30F03F25-4FAC-465F-8172-4BFEEE958E48,DC60V,2018-05-31 12:48:50.570
000491200911065,328F9488-0038-42B7-9333-8724B9E7602C,2500 A,2018-05-31 12:48:50.570
000491200911065,3E876207-7C08-4CDF-9669-E6BD5CD944E2,"抽屉式, 带框架，水平后置连接",2018-05-31 12:48:50.570
000491200911065,4273CDC5-0F33-4C46-B357-E9F259FB46CB,3 pole,2018-05-31 12:48:50.570
000491200911065,46B0E2EE-93F2-4A4B-A47F-9D9C681C3F03,无合闸线圈,2018-05-31 12:48:50.570
000491200911065,4F0DCF49-196B-4E3A-9FE0-8238307196B1,IEC 市场,2018-05-31 12:48:50.570
000491200911065,4FB1ABE3-9F0E-4E05-95AF-A146EEBCE760,2NO+2NC,2018-05-31 12:48:50.570
000491200911065,509F9AB5-5416-4599-BE63-8191D05783C3,ETU45B: LSIN,2018-05-31 12:48:50.570
000491200911065,613346BC-2AD3-44BC-9452-11F44EF21079,S class,2018-05-31 12:48:50.570
000491200911065,61F04A6A-8ABF-4838-B7BF-C22549C2E807,DC60V,2018-05-31 12:48:50.570
000491200911065,64FF8B58-0FAB-4BB5-8D46-C043F4852B69,2NO+2NC,2018-05-31 12:48:50.570
000491200911065,662543AD-AB4C-460E-8405-FF6E9D65DE18,ETU45B: LSIN,2018-05-31 12:48:50.570
000491200911065,679923CE-13F6-4774-8694-A93EC845250F,2500 A,2018-05-31 12:48:50.570
000491200911065,89BBC6F3-6088-43C5-BD53-ABC951639983,3WL12,2018-05-31 12:48:50.570
000491200911065,A6DBD6A0-A1FF-40EF-8705-694C3560E95A,DC60V,2018-05-31 12:48:50.570
000491200911065,B2DD2F19-2E39-483F-BE41-5FF0A7380FF3,"Withdrawable, with frame, horizontal connection",2018-05-31 12:48:50.570
000491200911065,D4896EEA-79AE-47A6-82BF-4EF3FB8A2D8F,S 型（标准型）,2018-05-31 12:48:50.570
000491200911065,E19D2E53-11C2-4DCC-B959-AF502EF3956F,手动储能，机械合闸,2018-05-31 12:48:50.570
000491200911065,E323F29B-467F-4C2D-8EC7-26662F84B195,IEC market as per IEC 60947-2,2018-05-31 12:48:50.570
000491200911065,E8F770E0-3779-49AB-AC88-559505831C62,manual operating with mechanical closing,2018-05-31 12:48:50.570
000491200911065,EDE1DB83-B1BD-4040-9BA1-9E896E81C702,3WL12,2018-05-31 12:48:50.570
000491200911065,F57CD891-5970-4777-B11C-9A796EC01F4E,DC60V,2018-05-31 12:48:50.570
000491210213000,18749E59-C3CE-43CB-AF66-521BD545CB99,AC230V/DC220V,2018-05-31 12:48:50.570
000491210213000,2528B418-B183-4D5C-96B3-A871373EFBE8,4 pole,2018-05-31 12:48:50.570
000491210213000,30F03F25-4FAC-465F-8172-4BFEEE958E48,"AC208-240V/DC220-250V, UVR, delay (80-200ms)",2018-05-31 12:48:50.570
000491210213000,328F9488-0038-42B7-9333-8724B9E7602C,2000 A,2018-05-31 12:48:50.570
000491210213000,3E876207-7C08-4CDF-9669-E6BD5CD944E2,"抽屉式, 带框架，水平后置连接",2018-05-31 12:48:50.570
000491210213000,4273CDC5-0F33-4C46-B357-E9F259FB46CB,4 pole,2018-05-31 12:48:50.570
000491210213000,46B0E2EE-93F2-4A4B-A47F-9D9C681C3F03,AC230V/DC220V,2018-05-31 12:48:50.570
000491210213000,4F0DCF49-196B-4E3A-9FE0-8238307196B1,IEC 市场,2018-05-31 12:48:50.570
000491210213000,4FB1ABE3-9F0E-4E05-95AF-A146EEBCE760,2NO+2NC,2018-05-31 12:48:50.570
000491210213000,509F9AB5-5416-4599-BE63-8191D05783C3,ETU27B: LSING,2018-05-31 12:48:50.570
000491210213000,613346BC-2AD3-44BC-9452-11F44EF21079,H class,2018-05-31 12:48:50.570
000491210213000,61F04A6A-8ABF-4838-B7BF-C22549C2E807,"AC208-240V/DC220-250V, UVR,延时(80-200ms)",2018-05-31 12:48:50.570
000491210213000,64FF8B58-0FAB-4BB5-8D46-C043F4852B69,2NO+2NC,2018-05-31 12:48:50.570
000491210213000,662543AD-AB4C-460E-8405-FF6E9D65DE18,ETU27B: LSING,2018-05-31 12:48:50.570
000491210213000,679923CE-13F6-4774-8694-A93EC845250F,2000 A,2018-05-31 12:48:50.570
000491210213000,89BBC6F3-6088-43C5-BD53-ABC951639983,3WL12,2018-05-31 12:48:50.570
000491210213000,A6DBD6A0-A1FF-40EF-8705-694C3560E95A,AC230V/DC220V,2018-05-31 12:48:50.570
000491210213000,B2DD2F19-2E39-483F-BE41-5FF0A7380FF3,"Withdrawable, with frame, horizontal connection",2018-05-31 12:48:50.570
000491210213000,D4896EEA-79AE-47A6-82BF-4EF3FB8A2D8F,H 型（高分断）,2018-05-31 12:48:50.570
000491210213000,E19D2E53-11C2-4DCC-B959-AF502EF3956F,"手动储能，电动储能(AC208-240V,DC220-250V)，机械合闸，电气合闸（AC230V/DC220V)",2018-05-31 12:48:50.570
000491210213000,E323F29B-467F-4C2D-8EC7-26662F84B195,IEC market as per IEC 60947-2,2018-05-31 12:48:50.570
000491210213000,E8F770E0-3779-49AB-AC88-559505831C62,"manual+motor operating(AC208-240V,DC220-250V)with mechanical and electrical closing(AC230V/DC220V)",2018-05-31 12:48:50.570
000491210213000,EDE1DB83-B1BD-4040-9BA1-9E896E81C702,3WL12,2018-05-31 12:48:50.570
000491210213000,F57CD891-5970-4777-B11C-9A796EC01F4E,AC230V/DC220V,2018-05-31 12:48:50.570
000491210214000,18749E59-C3CE-43CB-AF66-521BD545CB99,without closing coil,2018-05-31 12:48:50.570
000491210214000,2528B418-B183-4D5C-96B3-A871373EFBE8,3 pole,2018-05-31 12:48:50.570
000491210214000,30F03F25-4FAC-465F-8172-4BFEEE958E48,without,2018-05-31 12:48:50.570
000491210214000,328F9488-0038-42B7-9333-8724B9E7602C,1000 A,2018-05-31 12:48:50.570
000491210214000,3E876207-7C08-4CDF-9669-E6BD5CD944E2,"抽屉式, 带框架，水平后置连接",2018-05-31 12:48:50.570
000491210214000,4273CDC5-0F33-4C46-B357-E9F259FB46CB,3 pole,2018-05-31 12:48:50.570
000491210214000,46B0E2EE-93F2-4A4B-A47F-9D9C681C3F03,无合闸线圈,2018-05-31 12:48:50.570
000491210214000,4F0DCF49-196B-4E3A-9FE0-8238307196B1,IEC 市场,2018-05-31 12:48:50.570
000491210214000,4FB1ABE3-9F0E-4E05-95AF-A146EEBCE760,2NO+2NC,2018-05-31 12:48:50.570
000491210214000,509F9AB5-5416-4599-BE63-8191D05783C3,ETU25B: LSI,2018-05-31 12:48:50.570
000491210214000,613346BC-2AD3-44BC-9452-11F44EF21079,N class,2018-05-31 12:48:50.570
000491210214000,61F04A6A-8ABF-4838-B7BF-C22549C2E807,无,2018-05-31 12:48:50.570
000491210214000,64FF8B58-0FAB-4BB5-8D46-C043F4852B69,2NO+2NC,2018-05-31 12:48:50.570
000491210214000,662543AD-AB4C-460E-8405-FF6E9D65DE18,ETU25B: LSI,2018-05-31 12:48:50.570
000491210214000,679923CE-13F6-4774-8694-A93EC845250F,1000 A,2018-05-31 12:48:50.570
000491210214000,89BBC6F3-6088-43C5-BD53-ABC951639983,3WL11,2018-05-31 12:48:50.570
000491210214000,A6DBD6A0-A1FF-40EF-8705-694C3560E95A,AC230V/DC220V,2018-05-31 12:48:50.570
000491210214000,B2DD2F19-2E39-483F-BE41-5FF0A7380FF3,"Withdrawable, with frame, horizontal connection",2018-05-31 12:48:50.570
000491210214000,D4896EEA-79AE-47A6-82BF-4EF3FB8A2D8F,N 型（常规型）,2018-05-31 12:48:50.570
000491210214000,E19D2E53-11C2-4DCC-B959-AF502EF3956F,手动储能，机械合闸,2018-05-31 12:48:50.570
000491210214000,E323F29B-467F-4C2D-8EC7-26662F84B195,IEC market as per IEC 60947-2,2018-05-31 12:48:50.570
000491210214000,E8F770E0-3779-49AB-AC88-559505831C62,manual operating with mechanical closing,2018-05-31 12:48:50.570
000491210214000,EDE1DB83-B1BD-4040-9BA1-9E896E81C702,3WL11,2018-05-31 12:48:50.570
000491210214000,F57CD891-5970-4777-B11C-9A796EC01F4E,AC230V/DC220V,2018-05-31 12:48:50.570
000491210215000,18749E59-C3CE-43CB-AF66-521BD545CB99,AC230V/DC220V,2018-05-31 12:48:50.570
000491210215000,2528B418-B183-4D5C-96B3-A871373EFBE8,4 pole,2018-05-31 12:48:50.570
000491210215000,30F03F25-4FAC-465F-8172-4BFEEE958E48,without,2018-05-31 12:48:50.570
000491210215000,328F9488-0038-42B7-9333-8724B9E7602C,2000 A,2018-05-31 12:48:50.570
000491210215000,3E876207-7C08-4CDF-9669-E6BD5CD944E2,"抽屉式, 带框架，垂直后置连接",2018-05-31 12:48:50.570
000491210215000,4273CDC5-0F33-4C46-B357-E9F259FB46CB,4 pole,2018-05-31 12:48:50.570
000491210215000,46B0E2EE-93F2-4A4B-A47F-9D9C681C3F03,AC230V/DC220V,2018-05-31 12:48:50.570
000491210215000,4F0DCF49-196B-4E3A-9FE0-8238307196B1,IEC 市场,2018-05-31 12:48:50.570
000491210215000,4FB1ABE3-9F0E-4E05-95AF-A146EEBCE760,2NO+2NC,2018-05-31 12:48:50.570
000491210215000,509F9AB5-5416-4599-BE63-8191D05783C3,ETU27B: LSING,2018-05-31 12:48:50.570
000491210215000,613346BC-2AD3-44BC-9452-11F44EF21079,H class,2018-05-31 12:48:50.570
000491210215000,61F04A6A-8ABF-4838-B7BF-C22549C2E807,无,2018-05-31 12:48:50.570
000491210215000,64FF8B58-0FAB-4BB5-8D46-C043F4852B69,2NO+2NC,2018-05-31 12:48:50.570
000491210215000,662543AD-AB4C-460E-8405-FF6E9D65DE18,ETU27B: LSING,2018-05-31 12:48:50.570
000491210215000,679923CE-13F6-4774-8694-A93EC845250F,2000 A,2018-05-31 12:48:50.570
000491210215000,89BBC6F3-6088-43C5-BD53-ABC951639983,3WL12,2018-05-31 12:48:50.570
000491210215000,A6DBD6A0-A1FF-40EF-8705-694C3560E95A,AC230V/DC220V,2018-05-31 12:48:50.570
000491210215000,B2DD2F19-2E39-483F-BE41-5FF0A7380FF3,"Withdrawable,vertical connection",2018-05-31 12:48:50.570
000491210215000,D4896EEA-79AE-47A6-82BF-4EF3FB8A2D8F,H 型（高分断）,2018-05-31 12:48:50.570
000491210215000,E19D2E53-11C2-4DCC-B959-AF502EF3956F,"手动储能，电动储能(AC208-240V,DC220-250V)，机械合闸，电气合闸（AC230V/DC220V)",2018-05-31 12:48:50.570
000491210215000,E323F29B-467F-4C2D-8EC7-26662F84B195,IEC market as per IEC 60947-2,2018-05-31 12:48:50.570
000491210215000,E8F770E0-3779-49AB-AC88-559505831C62,"manual+motor operating(AC208-240V,DC220-250V)with mechanical and electrical closing(AC230V/DC220V)",2018-05-31 12:48:50.570
000491210215000,EDE1DB83-B1BD-4040-9BA1-9E896E81C702,3WL12,2018-05-31 12:48:50.570
000491210215000,F57CD891-5970-4777-B11C-9A796EC01F4E,AC230V/DC220V,2018-05-31 12:48:50.570
000491210216000,18749E59-C3CE-43CB-AF66-521BD545CB99,AC230V/DC220V,2018-05-31 12:48:50.570
000491210216000,2528B418-B183-4D5C-96B3-A871373EFBE8,4 pole,2018-05-31 12:48:50.570
000491210216000,30F03F25-4FAC-465F-8172-4BFEEE958E48,"AC208-240V/DC220-250V, UVR, delay (80-200ms)",2018-05-31 12:48:50.570
000491210216000,328F9488-0038-42B7-9333-8724B9E7602C,3200 A,2018-05-31 12:48:50.570
000491210216000,3E876207-7C08-4CDF-9669-E6BD5CD944E2,"抽屉式, 带框架，水平后置连接",2018-05-31 12:48:50.570
000491210216000,4273CDC5-0F33-4C46-B357-E9F259FB46CB,4 pole,2018-05-31 12:48:50.570
000491210216000,46B0E2EE-93F2-4A4B-A47F-9D9C681C3F03,AC230V/DC220V,2018-05-31 12:48:50.570
000491210216000,4F0DCF49-196B-4E3A-9FE0-8238307196B1,IEC 市场,2018-05-31 12:48:50.570
000491210216000,4FB1ABE3-9F0E-4E05-95AF-A146EEBCE760,2NO+2NC,2018-05-31 12:48:50.570
000491210216000,509F9AB5-5416-4599-BE63-8191D05783C3,ETU27B: LSING,2018-05-31 12:48:50.570
000491210216000,613346BC-2AD3-44BC-9452-11F44EF21079,H class,2018-05-31 12:48:50.570
000491210216000,61F04A6A-8ABF-4838-B7BF-C22549C2E807,"AC208-240V/DC220-250V, UVR,延时(80-200ms)",2018-05-31 12:48:50.570
000491210216000,64FF8B58-0FAB-4BB5-8D46-C043F4852B69,2NO+2NC,2018-05-31 12:48:50.570
000491210216000,662543AD-AB4C-460E-8405-FF6E9D65DE18,ETU27B: LSING,2018-05-31 12:48:50.570
000491210216000,679923CE-13F6-4774-8694-A93EC845250F,3200 A,2018-05-31 12:48:50.570
000491210216000,89BBC6F3-6088-43C5-BD53-ABC951639983,3WL12,2018-05-31 12:48:50.570
000491210216000,A6DBD6A0-A1FF-40EF-8705-694C3560E95A,AC230V/DC220V,2018-05-31 12:48:50.570
000491210216000,B2DD2F19-2E39-483F-BE41-5FF0A7380FF3,"Withdrawable, with frame, horizontal connection",2018-05-31 12:48:50.570
000491210216000,D4896EEA-79AE-47A6-82BF-4EF3FB8A2D8F,H 型（高分断）,2018-05-31 12:48:50.570
000491210216000,E19D2E53-11C2-4DCC-B959-AF502EF3956F,"手动储能，电动储能(AC208-240V,DC220-250V)，机械合闸，电气合闸（AC230V/DC220V)",2018-05-31 12:48:50.570
000491210216000,E323F29B-467F-4C2D-8EC7-26662F84B195,IEC market as per IEC 60947-2,2018-05-31 12:48:50.570
000491210216000,E8F770E0-3779-49AB-AC88-559505831C62,"manual+motor operating(AC208-240V,DC220-250V)with mechanical and electrical closing(AC230V/DC220V)",2018-05-31 12:48:50.570
000491210216000,EDE1DB83-B1BD-4040-9BA1-9E896E81C702,3WL12,2018-05-31 12:48:50.570
000491210216000,F57CD891-5970-4777-B11C-9A796EC01F4E,AC230V/DC220V,2018-05-31 12:48:50.570
000491210220000,18749E59-C3CE-43CB-AF66-521BD545CB99,AC230V/DC220V,2018-05-31 12:48:50.570
000491210220000,2528B418-B183-4D5C-96B3-A871373EFBE8,4 pole,2018-05-31 12:48:50.570
000491210220000,30F03F25-4FAC-465F-8172-4BFEEE958E48,without,2018-05-31 12:48:50.570
000491210220000,328F9488-0038-42B7-9333-8724B9E7602C,2500 A,2018-05-31 12:48:50.570
000491210220000,3E876207-7C08-4CDF-9669-E6BD5CD944E2,"抽屉式, 带框架，水平后置连接",2018-05-31 12:48:50.570
000491210220000,4273CDC5-0F33-4C46-B357-E9F259FB46CB,4 pole,2018-05-31 12:48:50.570
000491210220000,46B0E2EE-93F2-4A4B-A47F-9D9C681C3F03,AC230V/DC220V,2018-05-31 12:48:50.570
000491210220000,4F0DCF49-196B-4E3A-9FE0-8238307196B1,IEC 市场,2018-05-31 12:48:50.570
000491210220000,4FB1ABE3-9F0E-4E05-95AF-A146EEBCE760,2NO+2NC,2018-05-31 12:48:50.570
000491210220000,509F9AB5-5416-4599-BE63-8191D05783C3,ETU27B: LSING,2018-05-31 12:48:50.570
000491210220000,613346BC-2AD3-44BC-9452-11F44EF21079,H class,2018-05-31 12:48:50.570
000491210220000,61F04A6A-8ABF-4838-B7BF-C22549C2E807,无,2018-05-31 12:48:50.570
000491210220000,64FF8B58-0FAB-4BB5-8D46-C043F4852B69,2NO+2NC,2018-05-31 12:48:50.570
000491210220000,662543AD-AB4C-460E-8405-FF6E9D65DE18,ETU27B: LSING,2018-05-31 12:48:50.570
000491210220000,679923CE-13F6-4774-8694-A93EC845250F,2500 A,2018-05-31 12:48:50.570
000491210220000,89BBC6F3-6088-43C5-BD53-ABC951639983,3WL12,2018-05-31 12:48:50.570
000491210220000,A6DBD6A0-A1FF-40EF-8705-694C3560E95A,AC230V/DC220V,2018-05-31 12:48:50.570
000491210220000,B2DD2F19-2E39-483F-BE41-5FF0A7380FF3,"Withdrawable, with frame, horizontal connection",2018-05-31 12:48:50.570
000491210220000,D4896EEA-79AE-47A6-82BF-4EF3FB8A2D8F,H 型（高分断）,2018-05-31 12:48:50.570
000491210220000,E19D2E53-11C2-4DCC-B959-AF502EF3956F,"手动储能，电动储能(AC208-240V,DC220-250V)，机械合闸，电气合闸（AC230V/DC220V)",2018-05-31 12:48:50.570
000491210220000,E323F29B-467F-4C2D-8EC7-26662F84B195,IEC market as per IEC 60947-2,2018-05-31 12:48:50.570
000491210220000,E8F770E0-3779-49AB-AC88-559505831C62,"manual+motor operating(AC208-240V,DC220-250V)with mechanical and electrical closing(AC230V/DC220V)",2018-05-31 12:48:50.570
000491210220000,EDE1DB83-B1BD-4040-9BA1-9E896E81C702,3WL12,2018-05-31 12:48:50.570
000491210220000,F57CD891-5970-4777-B11C-9A796EC01F4E,AC230V/DC220V,2018-05-31 12:48:50.570
000491210226000,18749E59-C3CE-43CB-AF66-521BD545CB99,AC230V/DC220V,2018-05-31 12:48:50.570
000491210226000,2528B418-B183-4D5C-96B3-A871373EFBE8,4 pole,2018-05-31 12:48:50.570
000491210226000,30F03F25-4FAC-465F-8172-4BFEEE958E48,without,2018-05-31 12:48:50.570
000491210226000,328F9488-0038-42B7-9333-8724B9E7602C,3200 A,2018-05-31 12:48:50.570
000491210226000,3E876207-7C08-4CDF-9669-E6BD5CD944E2,"抽屉式, 带框架，垂直后置连接",2018-05-31 12:48:50.570
000491210226000,4273CDC5-0F33-4C46-B357-E9F259FB46CB,4 pole,2018-05-31 12:48:50.570
000491210226000,46B0E2EE-93F2-4A4B-A47F-9D9C681C3F03,AC230V/DC220V,2018-05-31 12:48:50.570
000491210226000,4F0DCF49-196B-4E3A-9FE0-8238307196B1,IEC 市场,2018-05-31 12:48:50.570
000491210226000,4FB1ABE3-9F0E-4E05-95AF-A146EEBCE760,2NO+2NC,2018-05-31 12:48:50.570
000491210226000,509F9AB5-5416-4599-BE63-8191D05783C3,ETU27B: LSING,2018-05-31 12:48:50.570
000491210226000,613346BC-2AD3-44BC-9452-11F44EF21079,H class,2018-05-31 12:48:50.570
000491210226000,61F04A6A-8ABF-4838-B7BF-C22549C2E807,无,2018-05-31 12:48:50.570
000491210226000,64FF8B58-0FAB-4BB5-8D46-C043F4852B69,2NO+2NC,2018-05-31 12:48:50.570
000491210226000,662543AD-AB4C-460E-8405-FF6E9D65DE18,ETU27B: LSING,2018-05-31 12:48:50.570
000491210226000,679923CE-13F6-4774-8694-A93EC845250F,3200 A,2018-05-31 12:48:50.570
000491210226000,89BBC6F3-6088-43C5-BD53-ABC951639983,3WL12,2018-05-31 12:48:50.570
000491210226000,A6DBD6A0-A1FF-40EF-8705-694C3560E95A,AC230V/DC220V,2018-05-31 12:48:50.570
000491210226000,B2DD2F19-2E39-483F-BE41-5FF0A7380FF3,"Withdrawable,vertical connection",2018-05-31 12:48:50.570
000491210226000,D4896EEA-79AE-47A6-82BF-4EF3FB8A2D8F,H 型（高分断）,2018-05-31 12:48:50.570
000491210226000,E19D2E53-11C2-4DCC-B959-AF502EF3956F,"手动储能，电动储能(AC208-240V,DC220-250V)，机械合闸，电气合闸（AC230V/DC220V)",2018-05-31 12:48:50.570
000491210226000,E323F29B-467F-4C2D-8EC7-26662F84B195,IEC market as per IEC 60947-2,2018-05-31 12:48:50.570
000491210226000,E8F770E0-3779-49AB-AC88-559505831C62,"manual+motor operating(AC208-240V,DC220-250V)with mechanical and electrical closing(AC230V/DC220V)",2018-05-31 12:48:50.570
000491210226000,EDE1DB83-B1BD-4040-9BA1-9E896E81C702,3WL12,2018-05-31 12:48:50.570
000491210226000,F57CD891-5970-4777-B11C-9A796EC01F4E,AC230V/DC220V,2018-05-31 12:48:50.570
000491210226001,18749E59-C3CE-43CB-AF66-521BD545CB99,without closing coil,2018-05-31 12:48:50.570
000491210226001,2528B418-B183-4D5C-96B3-A871373EFBE8,3 pole,2018-05-31 12:48:50.570
000491210226001,30F03F25-4FAC-465F-8172-4BFEEE958E48,without,2018-05-31 12:48:50.570
000491210226001,328F9488-0038-42B7-9333-8724B9E7602C,1000 A,2018-05-31 12:48:50.570
000491210226001,3E876207-7C08-4CDF-9669-E6BD5CD944E2,"抽屉式, 带框架，水平后置连接",2018-05-31 12:48:50.570
000491210226001,4273CDC5-0F33-4C46-B357-E9F259FB46CB,3 pole,2018-05-31 12:48:50.570
000491210226001,46B0E2EE-93F2-4A4B-A47F-9D9C681C3F03,无合闸线圈,2018-05-31 12:48:50.570
000491210226001,4F0DCF49-196B-4E3A-9FE0-8238307196B1,IEC 市场,2018-05-31 12:48:50.570
000491210226001,4FB1ABE3-9F0E-4E05-95AF-A146EEBCE760,2NO+2NC,2018-05-31 12:48:50.570
000491210226001,509F9AB5-5416-4599-BE63-8191D05783C3,无智能脱扣器,2018-05-31 12:48:50.570
000491210226001,613346BC-2AD3-44BC-9452-11F44EF21079,N class,2018-05-31 12:48:50.570
000491210226001,61F04A6A-8ABF-4838-B7BF-C22549C2E807,无,2018-05-31 12:48:50.570
000491210226001,64FF8B58-0FAB-4BB5-8D46-C043F4852B69,2NO+2NC,2018-05-31 12:48:50.570
000491210226001,662543AD-AB4C-460E-8405-FF6E9D65DE18,without trip unit,2018-05-31 12:48:50.570
000491210226001,679923CE-13F6-4774-8694-A93EC845250F,1000 A,2018-05-31 12:48:50.570
000491210226001,89BBC6F3-6088-43C5-BD53-ABC951639983,3WL11,2018-05-31 12:48:50.570
000491210226001,A6DBD6A0-A1FF-40EF-8705-694C3560E95A,无,2018-05-31 12:48:50.570
000491210226001,B2DD2F19-2E39-483F-BE41-5FF0A7380FF3,"Withdrawable, with frame, horizontal connection",2018-05-31 12:48:50.570
000491210226001,D4896EEA-79AE-47A6-82BF-4EF3FB8A2D8F,N 型（常规型）,2018-05-31 12:48:50.570
000491210226001,E19D2E53-11C2-4DCC-B959-AF502EF3956F,手动储能，机械合闸,2018-05-31 12:48:50.570
000491210226001,E323F29B-467F-4C2D-8EC7-26662F84B195,IEC market as per IEC 60947-2,2018-05-31 12:48:50.570
000491210226001,E8F770E0-3779-49AB-AC88-559505831C62,manual operating with mechanical closing,2018-05-31 12:48:50.570
000491210226001,EDE1DB83-B1BD-4040-9BA1-9E896E81C702,3WL11,2018-05-31 12:48:50.570
000491210226001,F57CD891-5970-4777-B11C-9A796EC01F4E,without,2018-05-31 12:48:50.570
000491210226002,18749E59-C3CE-43CB-AF66-521BD545CB99,without closing coil,2018-05-31 12:48:50.570
000491210226002,2528B418-B183-4D5C-96B3-A871373EFBE8,3 pole,2018-05-31 12:48:50.570
000491210226002,30F03F25-4FAC-465F-8172-4BFEEE958E48,without,2018-05-31 12:48:50.570
000491210226002,328F9488-0038-42B7-9333-8724B9E7602C,2000 A,2018-05-31 12:48:50.570
000491210226002,3E876207-7C08-4CDF-9669-E6BD5CD944E2,"抽屉式, 带框架，水平后置连接",2018-05-31 12:48:50.570
000491210226002,4273CDC5-0F33-4C46-B357-E9F259FB46CB,3 pole,2018-05-31 12:48:50.570
000491210226002,46B0E2EE-93F2-4A4B-A47F-9D9C681C3F03,无合闸线圈,2018-05-31 12:48:50.570
000491210226002,4F0DCF49-196B-4E3A-9FE0-8238307196B1,IEC 市场,2018-05-31 12:48:50.570
000491210226002,4FB1ABE3-9F0E-4E05-95AF-A146EEBCE760,2NO+2NC,2018-05-31 12:48:50.570
000491210226002,509F9AB5-5416-4599-BE63-8191D05783C3,无智能脱扣器,2018-05-31 12:48:50.570
000491210226002,613346BC-2AD3-44BC-9452-11F44EF21079,N class,2018-05-31 12:48:50.570
000491210226002,61F04A6A-8ABF-4838-B7BF-C22549C2E807,无,2018-05-31 12:48:50.570
000491210226002,64FF8B58-0FAB-4BB5-8D46-C043F4852B69,2NO+2NC,2018-05-31 12:48:50.570
000491210226002,662543AD-AB4C-460E-8405-FF6E9D65DE18,without trip unit,2018-05-31 12:48:50.570
000491210226002,679923CE-13F6-4774-8694-A93EC845250F,2000 A,2018-05-31 12:48:50.570
000491210226002,89BBC6F3-6088-43C5-BD53-ABC951639983,3WL12,2018-05-31 12:48:50.570
000491210226002,A6DBD6A0-A1FF-40EF-8705-694C3560E95A,无,2018-05-31 12:48:50.570
000491210226002,B2DD2F19-2E39-483F-BE41-5FF0A7380FF3,"Withdrawable, with frame, horizontal connection",2018-05-31 12:48:50.570
000491210226002,D4896EEA-79AE-47A6-82BF-4EF3FB8A2D8F,N 型（常规型）,2018-05-31 12:48:50.570
000491210226002,E19D2E53-11C2-4DCC-B959-AF502EF3956F,手动储能，机械合闸,2018-05-31 12:48:50.570
000491210226002,E323F29B-467F-4C2D-8EC7-26662F84B195,IEC market as per IEC 60947-2,2018-05-31 12:48:50.570
000491210226002,E8F770E0-3779-49AB-AC88-559505831C62,manual operating with mechanical closing,2018-05-31 12:48:50.570
000491210226002,EDE1DB83-B1BD-4040-9BA1-9E896E81C702,3WL12,2018-05-31 12:48:50.570
000491210226002,F57CD891-5970-4777-B11C-9A796EC01F4E,without,2018-05-31 12:48:50.570
000491210227000,18749E59-C3CE-43CB-AF66-521BD545CB99,without closing coil,2018-05-31 12:48:50.570
000491210227000,2528B418-B183-4D5C-96B3-A871373EFBE8,3 pole,2018-05-31 12:48:50.570
000491210227000,30F03F25-4FAC-465F-8172-4BFEEE958E48,without,2018-05-31 12:48:50.570
000491210227000,328F9488-0038-42B7-9333-8724B9E7602C,2000 A,2018-05-31 12:48:50.570
000491210227000,3E876207-7C08-4CDF-9669-E6BD5CD944E2,"抽屉式, 带框架，水平后置连接",2018-05-31 12:48:50.570
000491210227000,4273CDC5-0F33-4C46-B357-E9F259FB46CB,3 pole,2018-05-31 12:48:50.570
000491210227000,46B0E2EE-93F2-4A4B-A47F-9D9C681C3F03,无合闸线圈,2018-05-31 12:48:50.570
000491210227000,4F0DCF49-196B-4E3A-9FE0-8238307196B1,IEC 市场,2018-05-31 12:48:50.570
000491210227000,4FB1ABE3-9F0E-4E05-95AF-A146EEBCE760,2NO+2NC,2018-05-31 12:48:50.570
000491210227000,509F9AB5-5416-4599-BE63-8191D05783C3,ETU25B: LSI,2018-05-31 12:48:50.570
000491210227000,613346BC-2AD3-44BC-9452-11F44EF21079,S class,2018-05-31 12:48:50.570
000491210227000,61F04A6A-8ABF-4838-B7BF-C22549C2E807,无,2018-05-31 12:48:50.570
000491210227000,64FF8B58-0FAB-4BB5-8D46-C043F4852B69,2NO+2NC,2018-05-31 12:48:50.570
000491210227000,662543AD-AB4C-460E-8405-FF6E9D65DE18,ETU25B: LSI,2018-05-31 12:48:50.570
000491210227000,679923CE-13F6-4774-8694-A93EC845250F,2000 A,2018-05-31 12:48:50.570
000491210227000,89BBC6F3-6088-43C5-BD53-ABC951639983,3WL12,2018-05-31 12:48:50.570
000491210227000,A6DBD6A0-A1FF-40EF-8705-694C3560E95A,无,2018-05-31 12:48:50.570
000491210227000,B2DD2F19-2E39-483F-BE41-5FF0A7380FF3,"Withdrawable, with frame, horizontal connection",2018-05-31 12:48:50.570
000491210227000,D4896EEA-79AE-47A6-82BF-4EF3FB8A2D8F,S 型（标准型）,2018-05-31 12:48:50.570
000491210227000,E19D2E53-11C2-4DCC-B959-AF502EF3956F,手动储能，机械合闸,2018-05-31 12:48:50.570
000491210227000,E323F29B-467F-4C2D-8EC7-26662F84B195,IEC market as per IEC 60947-2,2018-05-31 12:48:50.570
000491210227000,E8F770E0-3779-49AB-AC88-559505831C62,manual operating with mechanical closing,2018-05-31 12:48:50.570
000491210227000,EDE1DB83-B1BD-4040-9BA1-9E896E81C702,3WL12,2018-05-31 12:48:50.570
000491210227000,F57CD891-5970-4777-B11C-9A796EC01F4E,without,2018-05-31 12:48:50.570
000491210228000,18749E59-C3CE-43CB-AF66-521BD545CB99,AC230V/DC220V,2018-05-31 12:48:50.570
000491210228000,2528B418-B183-4D5C-96B3-A871373EFBE8,3 pole,2018-05-31 12:48:50.570
000491210228000,30F03F25-4FAC-465F-8172-4BFEEE958E48,without,2018-05-31 12:48:50.570
000491210228000,328F9488-0038-42B7-9333-8724B9E7602C,1600 A,2018-05-31 12:48:50.570
000491210228000,3E876207-7C08-4CDF-9669-E6BD5CD944E2,"抽屉式, 带框架，法兰连接",2018-05-31 12:48:50.570
000491210228000,4273CDC5-0F33-4C46-B357-E9F259FB46CB,3 pole,2018-05-31 12:48:50.570
000491210228000,46B0E2EE-93F2-4A4B-A47F-9D9C681C3F03,AC230V/DC220V,2018-05-31 12:48:50.570
000491210228000,4F0DCF49-196B-4E3A-9FE0-8238307196B1,IEC 市场,2018-05-31 12:48:50.570
000491210228000,4FB1ABE3-9F0E-4E05-95AF-A146EEBCE760,2NO+2NC,2018-05-31 12:48:50.570
000491210228000,509F9AB5-5416-4599-BE63-8191D05783C3,无智能脱扣器,2018-05-31 12:48:50.570
000491210228000,613346BC-2AD3-44BC-9452-11F44EF21079,N class,2018-05-31 12:48:50.570
000491210228000,61F04A6A-8ABF-4838-B7BF-C22549C2E807,无,2018-05-31 12:48:50.570
000491210228000,64FF8B58-0FAB-4BB5-8D46-C043F4852B69,2NO+2NC,2018-05-31 12:48:50.570
000491210228000,662543AD-AB4C-460E-8405-FF6E9D65DE18,without trip unit,2018-05-31 12:48:50.570
000491210228000,679923CE-13F6-4774-8694-A93EC845250F,1600 A,2018-05-31 12:48:50.570
000491210228000,89BBC6F3-6088-43C5-BD53-ABC951639983,3WL11,2018-05-31 12:48:50.570
000491210228000,A6DBD6A0-A1FF-40EF-8705-694C3560E95A,AC230V/DC220V,2018-05-31 12:48:50.570
000491210228000,B2DD2F19-2E39-483F-BE41-5FF0A7380FF3,"Withdrawable, flange connection",2018-05-31 12:48:50.570
000491210228000,D4896EEA-79AE-47A6-82BF-4EF3FB8A2D8F,N 型（常规型）,2018-05-31 12:48:50.570
000491210228000,E19D2E53-11C2-4DCC-B959-AF502EF3956F,"手动储能，电动储能(AC208-240V,DC220-250V)，机械合闸，电气合闸（AC230V/DC220V)",2018-05-31 12:48:50.570
000491210228000,E323F29B-467F-4C2D-8EC7-26662F84B195,IEC market as per IEC 60947-2,2018-05-31 12:48:50.570
000491210228000,E8F770E0-3779-49AB-AC88-559505831C62,"manual+motor operating(AC208-240V,DC220-250V)with mechanical and electrical closing(AC230V/DC220V)",2018-05-31 12:48:50.570
000491210228000,EDE1DB83-B1BD-4040-9BA1-9E896E81C702,3WL11,2018-05-31 12:48:50.570
000491210228000,F57CD891-5970-4777-B11C-9A796EC01F4E,AC230V/DC220V,2018-05-31 12:48:50.570
000491210228001,18749E59-C3CE-43CB-AF66-521BD545CB99,AC230V/DC220V,2018-05-31 12:48:50.570
000491210228001,2528B418-B183-4D5C-96B3-A871373EFBE8,3 pole,2018-05-31 12:48:50.570
000491210228001,30F03F25-4FAC-465F-8172-4BFEEE958E48,without,2018-05-31 12:48:50.570
000491210228001,328F9488-0038-42B7-9333-8724B9E7602C,800 A,2018-05-31 12:48:50.570
000491210228001,3E876207-7C08-4CDF-9669-E6BD5CD944E2,"抽屉式, 带框架，垂直后置连接",2018-05-31 12:48:50.570
000491210228001,4273CDC5-0F33-4C46-B357-E9F259FB46CB,3 pole,2018-05-31 12:48:50.570
000491210228001,46B0E2EE-93F2-4A4B-A47F-9D9C681C3F03,AC230V/DC220V,2018-05-31 12:48:50.570
000491210228001,4F0DCF49-196B-4E3A-9FE0-8238307196B1,IEC 市场,2018-05-31 12:48:50.570
000491210228001,4FB1ABE3-9F0E-4E05-95AF-A146EEBCE760,2NO+2NC,2018-05-31 12:48:50.570
000491210228001,509F9AB5-5416-4599-BE63-8191D05783C3,无智能脱扣器,2018-05-31 12:48:50.570
000491210228001,613346BC-2AD3-44BC-9452-11F44EF21079,S class,2018-05-31 12:48:50.570
000491210228001,61F04A6A-8ABF-4838-B7BF-C22549C2E807,无,2018-05-31 12:48:50.570
000491210228001,64FF8B58-0FAB-4BB5-8D46-C043F4852B69,2NO+2NC,2018-05-31 12:48:50.570
000491210228001,662543AD-AB4C-460E-8405-FF6E9D65DE18,without trip unit,2018-05-31 12:48:50.570
000491210228001,679923CE-13F6-4774-8694-A93EC845250F,800 A,2018-05-31 12:48:50.570
000491210228001,89BBC6F3-6088-43C5-BD53-ABC951639983,3WL12,2018-05-31 12:48:50.570
000491210228001,A6DBD6A0-A1FF-40EF-8705-694C3560E95A,DC24V,2018-05-31 12:48:50.570
000491210228001,B2DD2F19-2E39-483F-BE41-5FF0A7380FF3,"Withdrawable,vertical connection",2018-05-31 12:48:50.570
000491210228001,D4896EEA-79AE-47A6-82BF-4EF3FB8A2D8F,S 型（标准型）,2018-05-31 12:48:50.570
000491210228001,E19D2E53-11C2-4DCC-B959-AF502EF3956F,"手动储能，电动储能(AC208-240V,DC220-250V)，机械合闸，电气合闸（AC230V/DC220V)",2018-05-31 12:48:50.570
000491210228001,E323F29B-467F-4C2D-8EC7-26662F84B195,IEC market as per IEC 60947-2,2018-05-31 12:48:50.570
000491210228001,E8F770E0-3779-49AB-AC88-559505831C62,"manual+motor operating(AC208-240V,DC220-250V)with mechanical and electrical closing(AC230V/DC220V)",2018-05-31 12:48:50.570
000491210228001,EDE1DB83-B1BD-4040-9BA1-9E896E81C702,3WL12,2018-05-31 12:48:50.570
000491210228001,F57CD891-5970-4777-B11C-9A796EC01F4E,DC24V,2018-05-31 12:48:50.570
000491210302000,18749E59-C3CE-43CB-AF66-521BD545CB99,AC230V/DC220V,2018-05-31 12:48:50.570
000491210302000,2528B418-B183-4D5C-96B3-A871373EFBE8,3 pole,2018-05-31 12:48:50.570
000491210302000,30F03F25-4FAC-465F-8172-4BFEEE958E48,without,2018-05-31 12:48:50.570
000491210302000,328F9488-0038-42B7-9333-8724B9E7602C,2000 A,2018-05-31 12:48:50.570
000491210302000,3E876207-7C08-4CDF-9669-E6BD5CD944E2,"抽屉式, 带框架，法兰连接",2018-05-31 12:48:50.570
000491210302000,4273CDC5-0F33-4C46-B357-E9F259FB46CB,3 pole,2018-05-31 12:48:50.570
000491210302000,46B0E2EE-93F2-4A4B-A47F-9D9C681C3F03,AC230V/DC220V,2018-05-31 12:48:50.570
000491210302000,4F0DCF49-196B-4E3A-9FE0-8238307196B1,IEC 市场,2018-05-31 12:48:50.570
000491210302000,4FB1ABE3-9F0E-4E05-95AF-A146EEBCE760,2NO+2NC,2018-05-31 12:48:50.570
000491210302000,509F9AB5-5416-4599-BE63-8191D05783C3,无智能脱扣器,2018-05-31 12:48:50.570
000491210302000,613346BC-2AD3-44BC-9452-11F44EF21079,S class,2018-05-31 12:48:50.570
000491210302000,61F04A6A-8ABF-4838-B7BF-C22549C2E807,无,2018-05-31 12:48:50.570
000491210302000,64FF8B58-0FAB-4BB5-8D46-C043F4852B69,2NO+2NC,2018-05-31 12:48:50.570
000491210302000,662543AD-AB4C-460E-8405-FF6E9D65DE18,without trip unit,2018-05-31 12:48:50.570
000491210302000,679923CE-13F6-4774-8694-A93EC845250F,2000 A,2018-05-31 12:48:50.570
000491210302000,89BBC6F3-6088-43C5-BD53-ABC951639983,3WL12,2018-05-31 12:48:50.570
000491210302000,A6DBD6A0-A1FF-40EF-8705-694C3560E95A,AC230V/DC220V,2018-05-31 12:48:50.570
000491210302000,B2DD2F19-2E39-483F-BE41-5FF0A7380FF3,"Withdrawable, flange connection",2018-05-31 12:48:50.570
000491210302000,D4896EEA-79AE-47A6-82BF-4EF3FB8A2D8F,S 型（标准型）,2018-05-31 12:48:50.570
000491210302000,E19D2E53-11C2-4DCC-B959-AF502EF3956F,"手动储能，电动储能(AC208-240V,DC220-250V)，机械合闸，电气合闸（AC230V/DC220V)",2018-05-31 12:48:50.570
000491210302000,E323F29B-467F-4C2D-8EC7-26662F84B195,IEC market as per IEC 60947-2,2018-05-31 12:48:50.570
000491210302000,E8F770E0-3779-49AB-AC88-559505831C62,"manual+motor operating(AC208-240V,DC220-250V)with mechanical and electrical closing(AC230V/DC220V)",2018-05-31 12:48:50.570
000491210302000,EDE1DB83-B1BD-4040-9BA1-9E896E81C702,3WL12,2018-05-31 12:48:50.570
000491210302000,F57CD891-5970-4777-B11C-9A796EC01F4E,AC230V/DC220V,2018-05-31 12:48:50.570
000491210302001,18749E59-C3CE-43CB-AF66-521BD545CB99,AC230V/DC220V,2018-05-31 12:48:50.570
000491210302001,2528B418-B183-4D5C-96B3-A871373EFBE8,3 pole,2018-05-31 12:48:50.570
000491210302001,30F03F25-4FAC-465F-8172-4BFEEE958E48,without,2018-05-31 12:48:50.570
000491210302001,328F9488-0038-42B7-9333-8724B9E7602C,2000 A,2018-05-31 12:48:50.570
000491210302001,3E876207-7C08-4CDF-9669-E6BD5CD944E2,"抽屉式, 带框架，法兰连接",2018-05-31 12:48:50.570
000491210302001,4273CDC5-0F33-4C46-B357-E9F259FB46CB,3 pole,2018-05-31 12:48:50.570
000491210302001,46B0E2EE-93F2-4A4B-A47F-9D9C681C3F03,AC230V/DC220V,2018-05-31 12:48:50.570
000491210302001,4F0DCF49-196B-4E3A-9FE0-8238307196B1,IEC 市场,2018-05-31 12:48:50.570
000491210302001,4FB1ABE3-9F0E-4E05-95AF-A146EEBCE760,2NO+2NC,2018-05-31 12:48:50.570
000491210302001,509F9AB5-5416-4599-BE63-8191D05783C3,无智能脱扣器,2018-05-31 12:48:50.570
000491210302001,613346BC-2AD3-44BC-9452-11F44EF21079,S class,2018-05-31 12:48:50.570
000491210302001,61F04A6A-8ABF-4838-B7BF-C22549C2E807,无,2018-05-31 12:48:50.570
000491210302001,64FF8B58-0FAB-4BB5-8D46-C043F4852B69,2NO+2NC,2018-05-31 12:48:50.570
000491210302001,662543AD-AB4C-460E-8405-FF6E9D65DE18,without trip unit,2018-05-31 12:48:50.570
000491210302001,679923CE-13F6-4774-8694-A93EC845250F,2000 A,2018-05-31 12:48:50.570
000491210302001,89BBC6F3-6088-43C5-BD53-ABC951639983,3WL12,2018-05-31 12:48:50.570
000491210302001,A6DBD6A0-A1FF-40EF-8705-694C3560E95A,AC230V/DC220V,2018-05-31 12:48:50.570
000491210302001,B2DD2F19-2E39-483F-BE41-5FF0A7380FF3,"Withdrawable, flange connection",2018-05-31 12:48:50.570
000491210302001,D4896EEA-79AE-47A6-82BF-4EF3FB8A2D8F,S 型（标准型）,2018-05-31 12:48:50.570
000491210302001,E19D2E53-11C2-4DCC-B959-AF502EF3956F,"手动储能，电动储能(AC208-240V,DC220-250V)，机械合闸，电气合闸（AC230V/DC220V)",2018-05-31 12:48:50.570
000491210302001,E323F29B-467F-4C2D-8EC7-26662F84B195,IEC market as per IEC 60947-2,2018-05-31 12:48:50.570
000491210302001,E8F770E0-3779-49AB-AC88-559505831C62,"manual+motor operating(AC208-240V,DC220-250V)with mechanical and electrical closing(AC230V/DC220V)",2018-05-31 12:48:50.570
000491210302001,EDE1DB83-B1BD-4040-9BA1-9E896E81C702,3WL12,2018-05-31 12:48:50.570
000491210302001,F57CD891-5970-4777-B11C-9A796EC01F4E,AC230V/DC220V,2018-05-31 12:48:50.570
000491210303000,18749E59-C3CE-43CB-AF66-521BD545CB99,AC230V/DC220V,2018-05-31 12:48:50.570
000491210303000,2528B418-B183-4D5C-96B3-A871373EFBE8,3 pole,2018-05-31 12:48:50.570
000491210303000,30F03F25-4FAC-465F-8172-4BFEEE958E48,without,2018-05-31 12:48:50.570
000491210303000,328F9488-0038-42B7-9333-8724B9E7602C,2000 A,2018-05-31 12:48:50.570
000491210303000,3E876207-7C08-4CDF-9669-E6BD5CD944E2,"抽屉式, 带框架，法兰连接",2018-05-31 12:48:50.570
000491210303000,4273CDC5-0F33-4C46-B357-E9F259FB46CB,3 pole,2018-05-31 12:48:50.570
000491210303000,46B0E2EE-93F2-4A4B-A47F-9D9C681C3F03,AC230V/DC220V,2018-05-31 12:48:50.570
000491210303000,4F0DCF49-196B-4E3A-9FE0-8238307196B1,IEC 市场,2018-05-31 12:48:50.570
000491210303000,4FB1ABE3-9F0E-4E05-95AF-A146EEBCE760,2NO+2NC,2018-05-31 12:48:50.570
000491210303000,509F9AB5-5416-4599-BE63-8191D05783C3,无智能脱扣器,2018-05-31 12:48:50.570
000491210303000,613346BC-2AD3-44BC-9452-11F44EF21079,S class,2018-05-31 12:48:50.570
000491210303000,61F04A6A-8ABF-4838-B7BF-C22549C2E807,无,2018-05-31 12:48:50.570
000491210303000,64FF8B58-0FAB-4BB5-8D46-C043F4852B69,2NO+2NC,2018-05-31 12:48:50.570
000491210303000,662543AD-AB4C-460E-8405-FF6E9D65DE18,without trip unit,2018-05-31 12:48:50.570
000491210303000,679923CE-13F6-4774-8694-A93EC845250F,2000 A,2018-05-31 12:48:50.570
000491210303000,89BBC6F3-6088-43C5-BD53-ABC951639983,3WL12,2018-05-31 12:48:50.570
000491210303000,A6DBD6A0-A1FF-40EF-8705-694C3560E95A,AC230V/DC220V,2018-05-31 12:48:50.570
000491210303000,B2DD2F19-2E39-483F-BE41-5FF0A7380FF3,"Withdrawable, flange connection",2018-05-31 12:48:50.570
000491210303000,D4896EEA-79AE-47A6-82BF-4EF3FB8A2D8F,S 型（标准型）,2018-05-31 12:48:50.570
000491210303000,E19D2E53-11C2-4DCC-B959-AF502EF3956F,"手动储能，电动储能(AC208-240V,DC220-250V)，机械合闸，电气合闸（AC230V/DC220V)",2018-05-31 12:48:50.570
000491210303000,E323F29B-467F-4C2D-8EC7-26662F84B195,IEC market as per IEC 60947-2,2018-05-31 12:48:50.570
000491210303000,E8F770E0-3779-49AB-AC88-559505831C62,"manual+motor operating(AC208-240V,DC220-250V)with mechanical and electrical closing(AC230V/DC220V)",2018-05-31 12:48:50.570
000491210303000,EDE1DB83-B1BD-4040-9BA1-9E896E81C702,3WL12,2018-05-31 12:48:50.570
000491210303000,F57CD891-5970-4777-B11C-9A796EC01F4E,AC230V/DC220V,2018-05-31 12:48:50.570
000491210303001,18749E59-C3CE-43CB-AF66-521BD545CB99,AC230V/DC220V,2018-05-31 12:48:50.570
000491210303001,2528B418-B183-4D5C-96B3-A871373EFBE8,3 pole,2018-05-31 12:48:50.570
000491210303001,30F03F25-4FAC-465F-8172-4BFEEE958E48,without,2018-05-31 12:48:50.570
000491210303001,328F9488-0038-42B7-9333-8724B9E7602C,3200 A,2018-05-31 12:48:50.570
000491210303001,3E876207-7C08-4CDF-9669-E6BD5CD944E2,"抽屉式, 带框架，法兰连接",2018-05-31 12:48:50.570
000491210303001,4273CDC5-0F33-4C46-B357-E9F259FB46CB,3 pole,2018-05-31 12:48:50.570
000491210303001,46B0E2EE-93F2-4A4B-A47F-9D9C681C3F03,AC230V/DC220V,2018-05-31 12:48:50.570
000491210303001,4F0DCF49-196B-4E3A-9FE0-8238307196B1,IEC 市场,2018-05-31 12:48:50.570
000491210303001,4FB1ABE3-9F0E-4E05-95AF-A146EEBCE760,2NO+2NC,2018-05-31 12:48:50.570
000491210303001,509F9AB5-5416-4599-BE63-8191D05783C3,无智能脱扣器,2018-05-31 12:48:50.570
000491210303001,613346BC-2AD3-44BC-9452-11F44EF21079,S class,2018-05-31 12:48:50.570
000491210303001,61F04A6A-8ABF-4838-B7BF-C22549C2E807,无,2018-05-31 12:48:50.570
000491210303001,64FF8B58-0FAB-4BB5-8D46-C043F4852B69,2NO+2NC,2018-05-31 12:48:50.570
000491210303001,662543AD-AB4C-460E-8405-FF6E9D65DE18,without trip unit,2018-05-31 12:48:50.570
000491210303001,679923CE-13F6-4774-8694-A93EC845250F,3200 A,2018-05-31 12:48:50.570
000491210303001,89BBC6F3-6088-43C5-BD53-ABC951639983,3WL12,2018-05-31 12:48:50.570
000491210303001,A6DBD6A0-A1FF-40EF-8705-694C3560E95A,AC230V/DC220V,2018-05-31 12:48:50.570
000491210303001,B2DD2F19-2E39-483F-BE41-5FF0A7380FF3,"Withdrawable, flange connection",2018-05-31 12:48:50.570
000491210303001,D4896EEA-79AE-47A6-82BF-4EF3FB8A2D8F,S 型（标准型）,2018-05-31 12:48:50.570
000491210303001,E19D2E53-11C2-4DCC-B959-AF502EF3956F,"手动储能，电动储能(AC208-240V,DC220-250V)，机械合闸，电气合闸（AC230V/DC220V)",2018-05-31 12:48:50.570
000491210303001,E323F29B-467F-4C2D-8EC7-26662F84B195,IEC market as per IEC 60947-2,2018-05-31 12:48:50.570
000491210303001,E8F770E0-3779-49AB-AC88-559505831C62,"manual+motor operating(AC208-240V,DC220-250V)with mechanical and electrical closing(AC230V/DC220V)",2018-05-31 12:48:50.570
000491210303001,EDE1DB83-B1BD-4040-9BA1-9E896E81C702,3WL12,2018-05-31 12:48:50.570
000491210303001,F57CD891-5970-4777-B11C-9A796EC01F4E,AC230V/DC220V,2018-05-31 12:48:50.570
000491210306001,18749E59-C3CE-43CB-AF66-521BD545CB99,AC230V/DC220V,2018-05-31 12:48:50.570
000491210306001,2528B418-B183-4D5C-96B3-A871373EFBE8,3 pole,2018-05-31 12:48:50.570
000491210306001,30F03F25-4FAC-465F-8172-4BFEEE958E48,DC24V,2018-05-31 12:48:50.570
000491210306001,328F9488-0038-42B7-9333-8724B9E7602C,630 A,2018-05-31 12:48:50.570
000491210306001,3E876207-7C08-4CDF-9669-E6BD5CD944E2,"抽屉式, 带框架，水平后置连接",2018-05-31 12:48:50.570
000491210306001,4273CDC5-0F33-4C46-B357-E9F259FB46CB,3 pole,2018-05-31 12:48:50.570
000491210306001,46B0E2EE-93F2-4A4B-A47F-9D9C681C3F03,AC230V/DC220V,2018-05-31 12:48:50.570
000491210306001,4F0DCF49-196B-4E3A-9FE0-8238307196B1,IEC 市场,2018-05-31 12:48:50.570
000491210306001,4FB1ABE3-9F0E-4E05-95AF-A146EEBCE760,2NO+2NC,2018-05-31 12:48:50.570
000491210306001,509F9AB5-5416-4599-BE63-8191D05783C3,无智能脱扣器,2018-05-31 12:48:50.570
000491210306001,613346BC-2AD3-44BC-9452-11F44EF21079,N class,2018-05-31 12:48:50.570
000491210306001,61F04A6A-8ABF-4838-B7BF-C22549C2E807,DC24V,2018-05-31 12:48:50.570
000491210306001,64FF8B58-0FAB-4BB5-8D46-C043F4852B69,2NO+2NC,2018-05-31 12:48:50.570
000491210306001,662543AD-AB4C-460E-8405-FF6E9D65DE18,without trip unit,2018-05-31 12:48:50.570
000491210306001,679923CE-13F6-4774-8694-A93EC845250F,630 A,2018-05-31 12:48:50.570
000491210306001,89BBC6F3-6088-43C5-BD53-ABC951639983,3WL11,2018-05-31 12:48:50.570
000491210306001,A6DBD6A0-A1FF-40EF-8705-694C3560E95A,DC24V,2018-05-31 12:48:50.570
000491210306001,B2DD2F19-2E39-483F-BE41-5FF0A7380FF3,"Withdrawable, with frame, horizontal connection",2018-05-31 12:48:50.570
000491210306001,D4896EEA-79AE-47A6-82BF-4EF3FB8A2D8F,N 型（常规型）,2018-05-31 12:48:50.570
000491210306001,E19D2E53-11C2-4DCC-B959-AF502EF3956F,"手动储能，电动储能(AC208-240V,DC220-250V)，机械合闸，电气合闸（AC230V/DC220V)",2018-05-31 12:48:50.570
000491210306001,E323F29B-467F-4C2D-8EC7-26662F84B195,IEC market as per IEC 60947-2,2018-05-31 12:48:50.570
000491210306001,E8F770E0-3779-49AB-AC88-559505831C62,"manual+motor operating(AC208-240V,DC220-250V)with mechanical and electrical closing(AC230V/DC220V)",2018-05-31 12:48:50.570
000491210306001,EDE1DB83-B1BD-4040-9BA1-9E896E81C702,3WL11,2018-05-31 12:48:50.570
000491210306001,F57CD891-5970-4777-B11C-9A796EC01F4E,DC24V,2018-05-31 12:48:50.570
000491210306002,18749E59-C3CE-43CB-AF66-521BD545CB99,AC230V/DC220V,2018-05-31 12:48:50.570
000491210306002,2528B418-B183-4D5C-96B3-A871373EFBE8,3 pole,2018-05-31 12:48:50.570
000491210306002,30F03F25-4FAC-465F-8172-4BFEEE958E48,DC24V,2018-05-31 12:48:50.570
000491210306002,328F9488-0038-42B7-9333-8724B9E7602C,630 A,2018-05-31 12:48:50.570
000491210306002,3E876207-7C08-4CDF-9669-E6BD5CD944E2,"抽屉式, 带框架，水平后置连接",2018-05-31 12:48:50.570
000491210306002,4273CDC5-0F33-4C46-B357-E9F259FB46CB,3 pole,2018-05-31 12:48:50.570
000491210306002,46B0E2EE-93F2-4A4B-A47F-9D9C681C3F03,AC230V/DC220V,2018-05-31 12:48:50.570
000491210306002,4F0DCF49-196B-4E3A-9FE0-8238307196B1,IEC 市场,2018-05-31 12:48:50.570
000491210306002,4FB1ABE3-9F0E-4E05-95AF-A146EEBCE760,2NO+2NC,2018-05-31 12:48:50.570
000491210306002,509F9AB5-5416-4599-BE63-8191D05783C3,无智能脱扣器,2018-05-31 12:48:50.570
000491210306002,613346BC-2AD3-44BC-9452-11F44EF21079,N class,2018-05-31 12:48:50.570
000491210306002,61F04A6A-8ABF-4838-B7BF-C22549C2E807,DC24V,2018-05-31 12:48:50.570
000491210306002,64FF8B58-0FAB-4BB5-8D46-C043F4852B69,2NO+2NC,2018-05-31 12:48:50.570
000491210306002,662543AD-AB4C-460E-8405-FF6E9D65DE18,without trip unit,2018-05-31 12:48:50.570
000491210306002,679923CE-13F6-4774-8694-A93EC845250F,630 A,2018-05-31 12:48:50.570
000491210306002,89BBC6F3-6088-43C5-BD53-ABC951639983,3WL11,2018-05-31 12:48:50.570
000491210306002,A6DBD6A0-A1FF-40EF-8705-694C3560E95A,DC24V,2018-05-31 12:48:50.570
000491210306002,B2DD2F19-2E39-483F-BE41-5FF0A7380FF3,"Withdrawable, with frame, horizontal connection",2018-05-31 12:48:50.570
000491210306002,D4896EEA-79AE-47A6-82BF-4EF3FB8A2D8F,N 型（常规型）,2018-05-31 12:48:50.570
000491210306002,E19D2E53-11C2-4DCC-B959-AF502EF3956F,"手动储能，电动储能(AC208-240V,DC220-250V)，机械合闸，电气合闸（AC230V/DC220V)",2018-05-31 12:48:50.570
000491210306002,E323F29B-467F-4C2D-8EC7-26662F84B195,IEC market as per IEC 60947-2,2018-05-31 12:48:50.570
000491210306002,E8F770E0-3779-49AB-AC88-559505831C62,"manual+motor operating(AC208-240V,DC220-250V)with mechanical and electrical closing(AC230V/DC220V)",2018-05-31 12:48:50.570
000491210306002,EDE1DB83-B1BD-4040-9BA1-9E896E81C702,3WL11,2018-05-31 12:48:50.570
000491210306002,F57CD891-5970-4777-B11C-9A796EC01F4E,DC24V,2018-05-31 12:48:50.570
000491210307000,18749E59-C3CE-43CB-AF66-521BD545CB99,AC230V/DC220V,2018-05-31 12:48:50.570
000491210307000,2528B418-B183-4D5C-96B3-A871373EFBE8,3 pole,2018-05-31 12:48:50.570
000491210307000,30F03F25-4FAC-465F-8172-4BFEEE958E48,DC24V,2018-05-31 12:48:50.570
000491210307000,328F9488-0038-42B7-9333-8724B9E7602C,630 A,2018-05-31 12:48:50.570
000491210307000,3E876207-7C08-4CDF-9669-E6BD5CD944E2,"抽屉式, 带框架，水平后置连接",2018-05-31 12:48:50.570
000491210307000,4273CDC5-0F33-4C46-B357-E9F259FB46CB,3 pole,2018-05-31 12:48:50.570
000491210307000,46B0E2EE-93F2-4A4B-A47F-9D9C681C3F03,AC230V/DC220V,2018-05-31 12:48:50.570
000491210307000,4F0DCF49-196B-4E3A-9FE0-8238307196B1,IEC 市场,2018-05-31 12:48:50.570
000491210307000,4FB1ABE3-9F0E-4E05-95AF-A146EEBCE760,2NO+2NC,2018-05-31 12:48:50.570
000491210307000,509F9AB5-5416-4599-BE63-8191D05783C3,无智能脱扣器,2018-05-31 12:48:50.570
000491210307000,613346BC-2AD3-44BC-9452-11F44EF21079,N class,2018-05-31 12:48:50.570
000491210307000,61F04A6A-8ABF-4838-B7BF-C22549C2E807,DC24V,2018-05-31 12:48:50.570
000491210307000,64FF8B58-0FAB-4BB5-8D46-C043F4852B69,2NO+2NC,2018-05-31 12:48:50.570
000491210307000,662543AD-AB4C-460E-8405-FF6E9D65DE18,without trip unit,2018-05-31 12:48:50.570
000491210307000,679923CE-13F6-4774-8694-A93EC845250F,630 A,2018-05-31 12:48:50.570
000491210307000,89BBC6F3-6088-43C5-BD53-ABC951639983,3WL11,2018-05-31 12:48:50.570
000491210307000,A6DBD6A0-A1FF-40EF-8705-694C3560E95A,DC24V,2018-05-31 12:48:50.570
000491210307000,B2DD2F19-2E39-483F-BE41-5FF0A7380FF3,"Withdrawable, with frame, horizontal connection",2018-05-31 12:48:50.570
000491210307000,D4896EEA-79AE-47A6-82BF-4EF3FB8A2D8F,N 型（常规型）,2018-05-31 12:48:50.570
000491210307000,E19D2E53-11C2-4DCC-B959-AF502EF3956F,"手动储能，电动储能(AC208-240V,DC220-250V)，机械合闸，电气合闸（AC230V/DC220V)",2018-05-31 12:48:50.570
000491210307000,E323F29B-467F-4C2D-8EC7-26662F84B195,IEC market as per IEC 60947-2,2018-05-31 12:48:50.570
000491210307000,E8F770E0-3779-49AB-AC88-559505831C62,"manual+motor operating(AC208-240V,DC220-250V)with mechanical and electrical closing(AC230V/DC220V)",2018-05-31 12:48:50.570
000491210307000,EDE1DB83-B1BD-4040-9BA1-9E896E81C702,3WL11,2018-05-31 12:48:50.570
000491210307000,F57CD891-5970-4777-B11C-9A796EC01F4E,DC24V,2018-05-31 12:48:50.570
000491210308000,18749E59-C3CE-43CB-AF66-521BD545CB99,without closing coil,2018-05-31 12:48:50.570
000491210308000,2528B418-B183-4D5C-96B3-A871373EFBE8,3 pole,2018-05-31 12:48:50.570
000491210308000,30F03F25-4FAC-465F-8172-4BFEEE958E48,without,2018-05-31 12:48:50.570
000491210308000,328F9488-0038-42B7-9333-8724B9E7602C,1600 A,2018-05-31 12:48:50.570
000491210308000,3E876207-7C08-4CDF-9669-E6BD5CD944E2,"固定式, 水平连接",2018-05-31 12:48:50.570
000491210308000,4273CDC5-0F33-4C46-B357-E9F259FB46CB,3 pole,2018-05-31 12:48:50.570
000491210308000,46B0E2EE-93F2-4A4B-A47F-9D9C681C3F03,无合闸线圈,2018-05-31 12:48:50.570
000491210308000,4F0DCF49-196B-4E3A-9FE0-8238307196B1,IEC 市场,2018-05-31 12:48:50.570
000491210308000,4FB1ABE3-9F0E-4E05-95AF-A146EEBCE760,2NO+2NC,2018-05-31 12:48:50.570
000491210308000,509F9AB5-5416-4599-BE63-8191D05783C3,ETU25B: LSI,2018-05-31 12:48:50.570
000491210308000,613346BC-2AD3-44BC-9452-11F44EF21079,N class,2018-05-31 12:48:50.570
000491210308000,61F04A6A-8ABF-4838-B7BF-C22549C2E807,无,2018-05-31 12:48:50.570
000491210308000,64FF8B58-0FAB-4BB5-8D46-C043F4852B69,2NO+2NC,2018-05-31 12:48:50.570
000491210308000,662543AD-AB4C-460E-8405-FF6E9D65DE18,ETU25B: LSI,2018-05-31 12:48:50.570
000491210308000,679923CE-13F6-4774-8694-A93EC845250F,1600 A,2018-05-31 12:48:50.570
000491210308000,89BBC6F3-6088-43C5-BD53-ABC951639983,3WL11,2018-05-31 12:48:50.570
000491210308000,A6DBD6A0-A1FF-40EF-8705-694C3560E95A,无,2018-05-31 12:48:50.570
000491210308000,B2DD2F19-2E39-483F-BE41-5FF0A7380FF3,"Fixed mounted, horizontal connection",2018-05-31 12:48:50.570
000491210308000,D4896EEA-79AE-47A6-82BF-4EF3FB8A2D8F,N 型（常规型）,2018-05-31 12:48:50.570
000491210308000,E19D2E53-11C2-4DCC-B959-AF502EF3956F,手动储能，机械合闸,2018-05-31 12:48:50.570
000491210308000,E323F29B-467F-4C2D-8EC7-26662F84B195,IEC market as per IEC 60947-2,2018-05-31 12:48:50.570
000491210308000,E8F770E0-3779-49AB-AC88-559505831C62,manual operating with mechanical closing,2018-05-31 12:48:50.570
000491210308000,EDE1DB83-B1BD-4040-9BA1-9E896E81C702,3WL11,2018-05-31 12:48:50.570
000491210308000,F57CD891-5970-4777-B11C-9A796EC01F4E,without,2018-05-31 12:48:50.570
000491210308001,18749E59-C3CE-43CB-AF66-521BD545CB99,without closing coil,2018-05-31 12:48:50.570
000491210308001,2528B418-B183-4D5C-96B3-A871373EFBE8,3 pole,2018-05-31 12:48:50.570
000491210308001,30F03F25-4FAC-465F-8172-4BFEEE958E48,without,2018-05-31 12:48:50.570
000491210308001,328F9488-0038-42B7-9333-8724B9E7602C,630 A,2018-05-31 12:48:50.570
000491210308001,3E876207-7C08-4CDF-9669-E6BD5CD944E2,"固定式, 水平连接",2018-05-31 12:48:50.570
000491210308001,4273CDC5-0F33-4C46-B357-E9F259FB46CB,3 pole,2018-05-31 12:48:50.570
000491210308001,46B0E2EE-93F2-4A4B-A47F-9D9C681C3F03,无合闸线圈,2018-05-31 12:48:50.570
000491210308001,4F0DCF49-196B-4E3A-9FE0-8238307196B1,IEC 市场,2018-05-31 12:48:50.570
000491210308001,4FB1ABE3-9F0E-4E05-95AF-A146EEBCE760,2NO+2NC,2018-05-31 12:48:50.570
000491210308001,509F9AB5-5416-4599-BE63-8191D05783C3,无智能脱扣器,2018-05-31 12:48:50.570
000491210308001,613346BC-2AD3-44BC-9452-11F44EF21079,N class,2018-05-31 12:48:50.570
000491210308001,61F04A6A-8ABF-4838-B7BF-C22549C2E807,无,2018-05-31 12:48:50.570
000491210308001,64FF8B58-0FAB-4BB5-8D46-C043F4852B69,2NO+2NC,2018-05-31 12:48:50.570
000491210308001,662543AD-AB4C-460E-8405-FF6E9D65DE18,without trip unit,2018-05-31 12:48:50.570
000491210308001,679923CE-13F6-4774-8694-A93EC845250F,630 A,2018-05-31 12:48:50.570
000491210308001,89BBC6F3-6088-43C5-BD53-ABC951639983,3WL11,2018-05-31 12:48:50.570
000491210308001,A6DBD6A0-A1FF-40EF-8705-694C3560E95A,无,2018-05-31 12:48:50.570
000491210308001,B2DD2F19-2E39-483F-BE41-5FF0A7380FF3,"Fixed mounted, horizontal connection",2018-05-31 12:48:50.570
000491210308001,D4896EEA-79AE-47A6-82BF-4EF3FB8A2D8F,N 型（常规型）,2018-05-31 12:48:50.570
000491210308001,E19D2E53-11C2-4DCC-B959-AF502EF3956F,手动储能，机械合闸,2018-05-31 12:48:50.570
000491210308001,E323F29B-467F-4C2D-8EC7-26662F84B195,IEC market as per IEC 60947-2,2018-05-31 12:48:50.570
000491210308001,E8F770E0-3779-49AB-AC88-559505831C62,manual operating with mechanical closing,2018-05-31 12:48:50.570
000491210308001,EDE1DB83-B1BD-4040-9BA1-9E896E81C702,3WL11,2018-05-31 12:48:50.570
000491210308001,F57CD891-5970-4777-B11C-9A796EC01F4E,without,2018-05-31 12:48:50.570
000491210308002,18749E59-C3CE-43CB-AF66-521BD545CB99,without closing coil,2018-05-31 12:48:50.570
000491210308002,2528B418-B183-4D5C-96B3-A871373EFBE8,3 pole,2018-05-31 12:48:50.570
000491210308002,30F03F25-4FAC-465F-8172-4BFEEE958E48,without,2018-05-31 12:48:50.570
000491210308002,328F9488-0038-42B7-9333-8724B9E7602C,630 A,2018-05-31 12:48:50.570
000491210308002,3E876207-7C08-4CDF-9669-E6BD5CD944E2,"固定式, 水平连接",2018-05-31 12:48:50.570
000491210308002,4273CDC5-0F33-4C46-B357-E9F259FB46CB,3 pole,2018-05-31 12:48:50.570
000491210308002,46B0E2EE-93F2-4A4B-A47F-9D9C681C3F03,无合闸线圈,2018-05-31 12:48:50.570
000491210308002,4F0DCF49-196B-4E3A-9FE0-8238307196B1,IEC 市场,2018-05-31 12:48:50.570
000491210308002,4FB1ABE3-9F0E-4E05-95AF-A146EEBCE760,2NO+2NC,2018-05-31 12:48:50.570
000491210308002,509F9AB5-5416-4599-BE63-8191D05783C3,无智能脱扣器,2018-05-31 12:48:50.570
000491210308002,613346BC-2AD3-44BC-9452-11F44EF21079,N class,2018-05-31 12:48:50.570
000491210308002,61F04A6A-8ABF-4838-B7BF-C22549C2E807,无,2018-05-31 12:48:50.570
000491210308002,64FF8B58-0FAB-4BB5-8D46-C043F4852B69,2NO+2NC,2018-05-31 12:48:50.570
000491210308002,662543AD-AB4C-460E-8405-FF6E9D65DE18,without trip unit,2018-05-31 12:48:50.570
000491210308002,679923CE-13F6-4774-8694-A93EC845250F,630 A,2018-05-31 12:48:50.570
000491210308002,89BBC6F3-6088-43C5-BD53-ABC951639983,3WL11,2018-05-31 12:48:50.570
000491210308002,A6DBD6A0-A1FF-40EF-8705-694C3560E95A,无,2018-05-31 12:48:50.570
000491210308002,B2DD2F19-2E39-483F-BE41-5FF0A7380FF3,"Fixed mounted, horizontal connection",2018-05-31 12:48:50.570
000491210308002,D4896EEA-79AE-47A6-82BF-4EF3FB8A2D8F,N 型（常规型）,2018-05-31 12:48:50.570
000491210308002,E19D2E53-11C2-4DCC-B959-AF502EF3956F,手动储能，机械合闸,2018-05-31 12:48:50.570
000491210308002,E323F29B-467F-4C2D-8EC7-26662F84B195,IEC market as per IEC 60947-2,2018-05-31 12:48:50.570
000491210308002,E8F770E0-3779-49AB-AC88-559505831C62,manual operating with mechanical closing,2018-05-31 12:48:50.570
000491210308002,EDE1DB83-B1BD-4040-9BA1-9E896E81C702,3WL11,2018-05-31 12:48:50.570
000491210308002,F57CD891-5970-4777-B11C-9A796EC01F4E,without,2018-05-31 12:48:50.570
000491210309000,18749E59-C3CE-43CB-AF66-521BD545CB99,without closing coil,2018-05-31 12:48:50.570
000491210309000,2528B418-B183-4D5C-96B3-A871373EFBE8,3 pole,2018-05-31 12:48:50.570
000491210309000,30F03F25-4FAC-465F-8172-4BFEEE958E48,without,2018-05-31 12:48:50.570
000491210309000,328F9488-0038-42B7-9333-8724B9E7602C,630 A,2018-05-31 12:48:50.570
000491210309000,3E876207-7C08-4CDF-9669-E6BD5CD944E2,"固定式, 水平连接",2018-05-31 12:48:50.570
000491210309000,4273CDC5-0F33-4C46-B357-E9F259FB46CB,3 pole,2018-05-31 12:48:50.570
000491210309000,46B0E2EE-93F2-4A4B-A47F-9D9C681C3F03,无合闸线圈,2018-05-31 12:48:50.570
000491210309000,4F0DCF49-196B-4E3A-9FE0-8238307196B1,IEC 市场,2018-05-31 12:48:50.570
000491210309000,4FB1ABE3-9F0E-4E05-95AF-A146EEBCE760,2NO+2NC,2018-05-31 12:48:50.570
000491210309000,509F9AB5-5416-4599-BE63-8191D05783C3,无智能脱扣器,2018-05-31 12:48:50.570
000491210309000,613346BC-2AD3-44BC-9452-11F44EF21079,N class,2018-05-31 12:48:50.570
000491210309000,61F04A6A-8ABF-4838-B7BF-C22549C2E807,无,2018-05-31 12:48:50.570
000491210309000,64FF8B58-0FAB-4BB5-8D46-C043F4852B69,2NO+2NC,2018-05-31 12:48:50.570
000491210309000,662543AD-AB4C-460E-8405-FF6E9D65DE18,without trip unit,2018-05-31 12:48:50.570
000491210309000,679923CE-13F6-4774-8694-A93EC845250F,630 A,2018-05-31 12:48:50.570
000491210309000,89BBC6F3-6088-43C5-BD53-ABC951639983,3WL11,2018-05-31 12:48:50.570
000491210309000,A6DBD6A0-A1FF-40EF-8705-694C3560E95A,无,2018-05-31 12:48:50.570
000491210309000,B2DD2F19-2E39-483F-BE41-5FF0A7380FF3,"Fixed mounted, horizontal connection",2018-05-31 12:48:50.570
000491210309000,D4896EEA-79AE-47A6-82BF-4EF3FB8A2D8F,N 型（常规型）,2018-05-31 12:48:50.570
000491210309000,E19D2E53-11C2-4DCC-B959-AF502EF3956F,手动储能，机械合闸,2018-05-31 12:48:50.570
000491210309000,E323F29B-467F-4C2D-8EC7-26662F84B195,IEC market as per IEC 60947-2,2018-05-31 12:48:50.570
000491210309000,E8F770E0-3779-49AB-AC88-559505831C62,manual operating with mechanical closing,2018-05-31 12:48:50.570
000491210309000,EDE1DB83-B1BD-4040-9BA1-9E896E81C702,3WL11,2018-05-31 12:48:50.570
000491210309000,F57CD891-5970-4777-B11C-9A796EC01F4E,without,2018-05-31 12:48:50.570
000491210309001,18749E59-C3CE-43CB-AF66-521BD545CB99,without closing coil,2018-05-31 12:48:50.570
000491210309001,2528B418-B183-4D5C-96B3-A871373EFBE8,3 pole,2018-05-31 12:48:50.570
000491210309001,30F03F25-4FAC-465F-8172-4BFEEE958E48,without,2018-05-31 12:48:50.570
000491210309001,328F9488-0038-42B7-9333-8724B9E7602C,630 A,2018-05-31 12:48:50.570
000491210309001,3E876207-7C08-4CDF-9669-E6BD5CD944E2,"固定式, 水平连接",2018-05-31 12:48:50.570
000491210309001,4273CDC5-0F33-4C46-B357-E9F259FB46CB,3 pole,2018-05-31 12:48:50.570
000491210309001,46B0E2EE-93F2-4A4B-A47F-9D9C681C3F03,无合闸线圈,2018-05-31 12:48:50.570
000491210309001,4F0DCF49-196B-4E3A-9FE0-8238307196B1,IEC 市场,2018-05-31 12:48:50.570
000491210309001,4FB1ABE3-9F0E-4E05-95AF-A146EEBCE760,2NO+2NC,2018-05-31 12:48:50.570
000491210309001,509F9AB5-5416-4599-BE63-8191D05783C3,无智能脱扣器,2018-05-31 12:48:50.570
000491210309001,613346BC-2AD3-44BC-9452-11F44EF21079,N class,2018-05-31 12:48:50.570
000491210309001,61F04A6A-8ABF-4838-B7BF-C22549C2E807,无,2018-05-31 12:48:50.570
000491210309001,64FF8B58-0FAB-4BB5-8D46-C043F4852B69,2NO+2NC,2018-05-31 12:48:50.570
000491210309001,662543AD-AB4C-460E-8405-FF6E9D65DE18,without trip unit,2018-05-31 12:48:50.570
000491210309001,679923CE-13F6-4774-8694-A93EC845250F,630 A,2018-05-31 12:48:50.570
000491210309001,89BBC6F3-6088-43C5-BD53-ABC951639983,3WL11,2018-05-31 12:48:50.570
000491210309001,A6DBD6A0-A1FF-40EF-8705-694C3560E95A,无,2018-05-31 12:48:50.570
000491210309001,B2DD2F19-2E39-483F-BE41-5FF0A7380FF3,"Fixed mounted, horizontal connection",2018-05-31 12:48:50.570
000491210309001,D4896EEA-79AE-47A6-82BF-4EF3FB8A2D8F,N 型（常规型）,2018-05-31 12:48:50.570
000491210309001,E19D2E53-11C2-4DCC-B959-AF502EF3956F,手动储能，机械合闸,2018-05-31 12:48:50.570
000491210309001,E323F29B-467F-4C2D-8EC7-26662F84B195,IEC market as per IEC 60947-2,2018-05-31 12:48:50.570
000491210309001,E8F770E0-3779-49AB-AC88-559505831C62,manual operating with mechanical closing,2018-05-31 12:48:50.570
000491210309001,EDE1DB83-B1BD-4040-9BA1-9E896E81C702,3WL11,2018-05-31 12:48:50.570
000491210309001,F57CD891-5970-4777-B11C-9A796EC01F4E,without,2018-05-31 12:48:50.570
000491210312000,18749E59-C3CE-43CB-AF66-521BD545CB99,AC230V/DC220V,2018-05-31 12:48:50.570
000491210312000,2528B418-B183-4D5C-96B3-A871373EFBE8,4 pole,2018-05-31 12:48:50.570
000491210312000,30F03F25-4FAC-465F-8172-4BFEEE958E48,without,2018-05-31 12:48:50.570
000491210312000,328F9488-0038-42B7-9333-8724B9E7602C,3200 A,2018-05-31 12:48:50.570
000491210312000,3E876207-7C08-4CDF-9669-E6BD5CD944E2,"抽屉式, 不带框架",2018-05-31 12:48:50.570
000491210312000,4273CDC5-0F33-4C46-B357-E9F259FB46CB,4 pole,2018-05-31 12:48:50.570
000491210312000,46B0E2EE-93F2-4A4B-A47F-9D9C681C3F03,AC230V/DC220V,2018-05-31 12:48:50.570
000491210312000,4F0DCF49-196B-4E3A-9FE0-8238307196B1,IEC 市场,2018-05-31 12:48:50.570
000491210312000,4FB1ABE3-9F0E-4E05-95AF-A146EEBCE760,2NO+2NC,2018-05-31 12:48:50.570
000491210312000,509F9AB5-5416-4599-BE63-8191D05783C3,ETU27B: LSING,2018-05-31 12:48:50.570
000491210312000,613346BC-2AD3-44BC-9452-11F44EF21079,H class,2018-05-31 12:48:50.570
000491210312000,61F04A6A-8ABF-4838-B7BF-C22549C2E807,无,2018-05-31 12:48:50.570
000491210312000,64FF8B58-0FAB-4BB5-8D46-C043F4852B69,2NO+2NC,2018-05-31 12:48:50.570
000491210312000,662543AD-AB4C-460E-8405-FF6E9D65DE18,ETU27B: LSING,2018-05-31 12:48:50.570
000491210312000,679923CE-13F6-4774-8694-A93EC845250F,3200 A,2018-05-31 12:48:50.570
000491210312000,89BBC6F3-6088-43C5-BD53-ABC951639983,3WL12,2018-05-31 12:48:50.570
000491210312000,A6DBD6A0-A1FF-40EF-8705-694C3560E95A,AC230V/DC220V,2018-05-31 12:48:50.570
000491210312000,B2DD2F19-2E39-483F-BE41-5FF0A7380FF3,"Withdrawable, without guide frame",2018-05-31 12:48:50.570
000491210312000,D4896EEA-79AE-47A6-82BF-4EF3FB8A2D8F,H 型（高分断）,2018-05-31 12:48:50.570
000491210312000,E19D2E53-11C2-4DCC-B959-AF502EF3956F,"手动储能，电动储能(AC208-240V,DC220-250V)，机械合闸，电气合闸（AC230V/DC220V)",2018-05-31 12:48:50.570
000491210312000,E323F29B-467F-4C2D-8EC7-26662F84B195,IEC market as per IEC 60947-2,2018-05-31 12:48:50.570
000491210312000,E8F770E0-3779-49AB-AC88-559505831C62,"manual+motor operating(AC208-240V,DC220-250V)with mechanical and electrical closing(AC230V/DC220V)",2018-05-31 12:48:50.570
000491210312000,EDE1DB83-B1BD-4040-9BA1-9E896E81C702,3WL12,2018-05-31 12:48:50.570
000491210312000,F57CD891-5970-4777-B11C-9A796EC01F4E,AC230V/DC220V,2018-05-31 12:48:50.570
000491210312001,18749E59-C3CE-43CB-AF66-521BD545CB99,AC230V/DC220V,2018-05-31 12:48:50.570
000491210312001,2528B418-B183-4D5C-96B3-A871373EFBE8,4 pole,2018-05-31 12:48:50.570
000491210312001,30F03F25-4FAC-465F-8172-4BFEEE958E48,without,2018-05-31 12:48:50.570
000491210312001,328F9488-0038-42B7-9333-8724B9E7602C,3200 A,2018-05-31 12:48:50.570
000491210312001,3E876207-7C08-4CDF-9669-E6BD5CD944E2,"抽屉式, 带框架，水平后置连接",2018-05-31 12:48:50.570
000491210312001,4273CDC5-0F33-4C46-B357-E9F259FB46CB,4 pole,2018-05-31 12:48:50.570
000491210312001,46B0E2EE-93F2-4A4B-A47F-9D9C681C3F03,AC230V/DC220V,2018-05-31 12:48:50.570
000491210312001,4F0DCF49-196B-4E3A-9FE0-8238307196B1,IEC 市场,2018-05-31 12:48:50.570
000491210312001,4FB1ABE3-9F0E-4E05-95AF-A146EEBCE760,2NO+2NC,2018-05-31 12:48:50.570
000491210312001,509F9AB5-5416-4599-BE63-8191D05783C3,ETU27B: LSING,2018-05-31 12:48:50.570
000491210312001,613346BC-2AD3-44BC-9452-11F44EF21079,H class,2018-05-31 12:48:50.570
000491210312001,61F04A6A-8ABF-4838-B7BF-C22549C2E807,无,2018-05-31 12:48:50.570
000491210312001,64FF8B58-0FAB-4BB5-8D46-C043F4852B69,2NO+2NC,2018-05-31 12:48:50.570
000491210312001,662543AD-AB4C-460E-8405-FF6E9D65DE18,ETU27B: LSING,2018-05-31 12:48:50.570
000491210312001,679923CE-13F6-4774-8694-A93EC845250F,3200 A,2018-05-31 12:48:50.570
000491210312001,89BBC6F3-6088-43C5-BD53-ABC951639983,3WL12,2018-05-31 12:48:50.570
000491210312001,A6DBD6A0-A1FF-40EF-8705-694C3560E95A,AC230V/DC220V,2018-05-31 12:48:50.570
000491210312001,B2DD2F19-2E39-483F-BE41-5FF0A7380FF3,"Withdrawable, with frame, horizontal connection",2018-05-31 12:48:50.570
000491210312001,D4896EEA-79AE-47A6-82BF-4EF3FB8A2D8F,H 型（高分断）,2018-05-31 12:48:50.570
000491210312001,E19D2E53-11C2-4DCC-B959-AF502EF3956F,"手动储能，电动储能(AC208-240V,DC220-250V)，机械合闸，电气合闸（AC230V/DC220V)",2018-05-31 12:48:50.570
000491210312001,E323F29B-467F-4C2D-8EC7-26662F84B195,IEC market as per IEC 60947-2,2018-05-31 12:48:50.570
000491210312001,E8F770E0-3779-49AB-AC88-559505831C62,"manual+motor operating(AC208-240V,DC220-250V)with mechanical and electrical closing(AC230V/DC220V)",2018-05-31 12:48:50.570
000491210312001,EDE1DB83-B1BD-4040-9BA1-9E896E81C702,3WL12,2018-05-31 12:48:50.570
000491210312001,F57CD891-5970-4777-B11C-9A796EC01F4E,AC230V/DC220V,2018-05-31 12:48:50.570
000491210313000,18749E59-C3CE-43CB-AF66-521BD545CB99,AC230V/DC220V,2018-05-31 12:48:50.570
000491210313000,2528B418-B183-4D5C-96B3-A871373EFBE8,3 pole,2018-05-31 12:48:50.570
000491210313000,30F03F25-4FAC-465F-8172-4BFEEE958E48,without,2018-05-31 12:48:50.570
000491210313000,328F9488-0038-42B7-9333-8724B9E7602C,3200 A,2018-05-31 12:48:50.570
000491210313000,3E876207-7C08-4CDF-9669-E6BD5CD944E2,"抽屉式, 带框架，垂直后置连接",2018-05-31 12:48:50.570
000491210313000,4273CDC5-0F33-4C46-B357-E9F259FB46CB,3 pole,2018-05-31 12:48:50.570
000491210313000,46B0E2EE-93F2-4A4B-A47F-9D9C681C3F03,AC230V/DC220V,2018-05-31 12:48:50.570
000491210313000,4F0DCF49-196B-4E3A-9FE0-8238307196B1,IEC 市场,2018-05-31 12:48:50.570
000491210313000,4FB1ABE3-9F0E-4E05-95AF-A146EEBCE760,2NO+2NC,2018-05-31 12:48:50.570
000491210313000,509F9AB5-5416-4599-BE63-8191D05783C3,ETU25B: LSI,2018-05-31 12:48:50.570
000491210313000,613346BC-2AD3-44BC-9452-11F44EF21079,H class,2018-05-31 12:48:50.570
000491210313000,61F04A6A-8ABF-4838-B7BF-C22549C2E807,无,2018-05-31 12:48:50.570
000491210313000,64FF8B58-0FAB-4BB5-8D46-C043F4852B69,2NO+2NC,2018-05-31 12:48:50.570
000491210313000,662543AD-AB4C-460E-8405-FF6E9D65DE18,ETU25B: LSI,2018-05-31 12:48:50.570
000491210313000,679923CE-13F6-4774-8694-A93EC845250F,3200 A,2018-05-31 12:48:50.570
000491210313000,89BBC6F3-6088-43C5-BD53-ABC951639983,3WL12,2018-05-31 12:48:50.570
000491210313000,A6DBD6A0-A1FF-40EF-8705-694C3560E95A,AC230V/DC220V,2018-05-31 12:48:50.570
000491210313000,B2DD2F19-2E39-483F-BE41-5FF0A7380FF3,"Withdrawable,vertical connection",2018-05-31 12:48:50.570
000491210313000,D4896EEA-79AE-47A6-82BF-4EF3FB8A2D8F,H 型（高分断）,2018-05-31 12:48:50.570
000491210313000,E19D2E53-11C2-4DCC-B959-AF502EF3956F,"手动储能，电动储能(AC208-240V,DC220-250V)，机械合闸，电气合闸（AC230V/DC220V)",2018-05-31 12:48:50.570
000491210313000,E323F29B-467F-4C2D-8EC7-26662F84B195,IEC market as per IEC 60947-2,2018-05-31 12:48:50.570
000491210313000,E8F770E0-3779-49AB-AC88-559505831C62,"manual+motor operating(AC208-240V,DC220-250V)with mechanical and electrical closing(AC230V/DC220V)",2018-05-31 12:48:50.570
000491210313000,EDE1DB83-B1BD-4040-9BA1-9E896E81C702,3WL12,2018-05-31 12:48:50.570
000491210313000,F57CD891-5970-4777-B11C-9A796EC01F4E,AC230V/DC220V,2018-05-31 12:48:50.570
000491210313001,18749E59-C3CE-43CB-AF66-521BD545CB99,AC110V/DC110V,2018-05-31 12:48:50.570
000491210313001,2528B418-B183-4D5C-96B3-A871373EFBE8,4 pole,2018-05-31 12:48:50.570
000491210313001,30F03F25-4FAC-465F-8172-4BFEEE958E48,without,2018-05-31 12:48:50.570
000491210313001,328F9488-0038-42B7-9333-8724B9E7602C,2000 A,2018-05-31 12:48:50.570
000491210313001,3E876207-7C08-4CDF-9669-E6BD5CD944E2,"抽屉式, 不带框架",2018-05-31 12:48:50.570
000491210313001,4273CDC5-0F33-4C46-B357-E9F259FB46CB,4 pole,2018-05-31 12:48:50.570
000491210313001,46B0E2EE-93F2-4A4B-A47F-9D9C681C3F03,AC110V/DC110V,2018-05-31 12:48:50.570
000491210313001,4F0DCF49-196B-4E3A-9FE0-8238307196B1,IEC 市场,2018-05-31 12:48:50.570
000491210313001,4FB1ABE3-9F0E-4E05-95AF-A146EEBCE760,2NO+2NC,2018-05-31 12:48:50.570
000491210313001,509F9AB5-5416-4599-BE63-8191D05783C3,ETU27B: LSING,2018-05-31 12:48:50.570
000491210313001,613346BC-2AD3-44BC-9452-11F44EF21079,H class,2018-05-31 12:48:50.570
000491210313001,61F04A6A-8ABF-4838-B7BF-C22549C2E807,无,2018-05-31 12:48:50.570
000491210313001,64FF8B58-0FAB-4BB5-8D46-C043F4852B69,2NO+2NC,2018-05-31 12:48:50.570
000491210313001,662543AD-AB4C-460E-8405-FF6E9D65DE18,ETU27B: LSING,2018-05-31 12:48:50.570
000491210313001,679923CE-13F6-4774-8694-A93EC845250F,2000 A,2018-05-31 12:48:50.570
000491210313001,89BBC6F3-6088-43C5-BD53-ABC951639983,3WL12,2018-05-31 12:48:50.570
000491210313001,A6DBD6A0-A1FF-40EF-8705-694C3560E95A,AC230V/DC220V,2018-05-31 12:48:50.570
000491210313001,B2DD2F19-2E39-483F-BE41-5FF0A7380FF3,"Withdrawable, without guide frame",2018-05-31 12:48:50.570
000491210313001,D4896EEA-79AE-47A6-82BF-4EF3FB8A2D8F,H 型（高分断）,2018-05-31 12:48:50.570
000491210313001,E19D2E53-11C2-4DCC-B959-AF502EF3956F,手动储能，机械合闸，电气合闸(AC110V/DC110V),2018-05-31 12:48:50.570
000491210313001,E323F29B-467F-4C2D-8EC7-26662F84B195,IEC market as per IEC 60947-2,2018-05-31 12:48:50.570
000491210313001,E8F770E0-3779-49AB-AC88-559505831C62,manual operating with mechanical and electrical closing(AC110V/DC110V),2018-05-31 12:48:50.570
000491210313001,EDE1DB83-B1BD-4040-9BA1-9E896E81C702,3WL12,2018-05-31 12:48:50.570
000491210313001,F57CD891-5970-4777-B11C-9A796EC01F4E,AC230V/DC220V,2018-05-31 12:48:50.570
000491210314000,18749E59-C3CE-43CB-AF66-521BD545CB99,AC110V/DC110V,2018-05-31 12:48:50.570
000491210314000,2528B418-B183-4D5C-96B3-A871373EFBE8,4 pole,2018-05-31 12:48:50.570
000491210314000,30F03F25-4FAC-465F-8172-4BFEEE958E48,without,2018-05-31 12:48:50.570
000491210314000,328F9488-0038-42B7-9333-8724B9E7602C,3200 A,2018-05-31 12:48:50.570
000491210314000,3E876207-7C08-4CDF-9669-E6BD5CD944E2,"抽屉式, 不带框架",2018-05-31 12:48:50.570
000491210314000,4273CDC5-0F33-4C46-B357-E9F259FB46CB,4 pole,2018-05-31 12:48:50.570
000491210314000,46B0E2EE-93F2-4A4B-A47F-9D9C681C3F03,AC110V/DC110V,2018-05-31 12:48:50.570
000491210314000,4F0DCF49-196B-4E3A-9FE0-8238307196B1,IEC 市场,2018-05-31 12:48:50.570
000491210314000,4FB1ABE3-9F0E-4E05-95AF-A146EEBCE760,2NO+2NC,2018-05-31 12:48:50.570
000491210314000,509F9AB5-5416-4599-BE63-8191D05783C3,ETU27B: LSING,2018-05-31 12:48:50.570
000491210314000,613346BC-2AD3-44BC-9452-11F44EF21079,H class,2018-05-31 12:48:50.570
000491210314000,61F04A6A-8ABF-4838-B7BF-C22549C2E807,无,2018-05-31 12:48:50.570
000491210314000,64FF8B58-0FAB-4BB5-8D46-C043F4852B69,2NO+2NC,2018-05-31 12:48:50.570
000491210314000,662543AD-AB4C-460E-8405-FF6E9D65DE18,ETU27B: LSING,2018-05-31 12:48:50.570
000491210314000,679923CE-13F6-4774-8694-A93EC845250F,3200 A,2018-05-31 12:48:50.570
000491210314000,89BBC6F3-6088-43C5-BD53-ABC951639983,3WL12,2018-05-31 12:48:50.570
000491210314000,A6DBD6A0-A1FF-40EF-8705-694C3560E95A,AC230V/DC220V,2018-05-31 12:48:50.570
000491210314000,B2DD2F19-2E39-483F-BE41-5FF0A7380FF3,"Withdrawable, without guide frame",2018-05-31 12:48:50.570
000491210314000,D4896EEA-79AE-47A6-82BF-4EF3FB8A2D8F,H 型（高分断）,2018-05-31 12:48:50.570
000491210314000,E19D2E53-11C2-4DCC-B959-AF502EF3956F,手动储能，机械合闸，电气合闸(AC110V/DC110V),2018-05-31 12:48:50.570
000491210314000,E323F29B-467F-4C2D-8EC7-26662F84B195,IEC market as per IEC 60947-2,2018-05-31 12:48:50.570
000491210314000,E8F770E0-3779-49AB-AC88-559505831C62,manual operating with mechanical and electrical closing(AC110V/DC110V),2018-05-31 12:48:50.570
000491210314000,EDE1DB83-B1BD-4040-9BA1-9E896E81C702,3WL12,2018-05-31 12:48:50.570
000491210314000,F57CD891-5970-4777-B11C-9A796EC01F4E,AC230V/DC220V,2018-05-31 12:48:50.570
000491210314001,18749E59-C3CE-43CB-AF66-521BD545CB99,AC110V/DC110V,2018-05-31 12:48:50.570
000491210314001,2528B418-B183-4D5C-96B3-A871373EFBE8,4 pole,2018-05-31 12:48:50.570
000491210314001,30F03F25-4FAC-465F-8172-4BFEEE958E48,without,2018-05-31 12:48:50.570
000491210314001,328F9488-0038-42B7-9333-8724B9E7602C,2500 A,2018-05-31 12:48:50.570
000491210314001,3E876207-7C08-4CDF-9669-E6BD5CD944E2,"抽屉式, 不带框架",2018-05-31 12:48:50.570
000491210314001,4273CDC5-0F33-4C46-B357-E9F259FB46CB,4 pole,2018-05-31 12:48:50.570
000491210314001,46B0E2EE-93F2-4A4B-A47F-9D9C681C3F03,AC110V/DC110V,2018-05-31 12:48:50.570
000491210314001,4F0DCF49-196B-4E3A-9FE0-8238307196B1,IEC 市场,2018-05-31 12:48:50.570
000491210314001,4FB1ABE3-9F0E-4E05-95AF-A146EEBCE760,2NO+2NC,2018-05-31 12:48:50.570
000491210314001,509F9AB5-5416-4599-BE63-8191D05783C3,ETU27B: LSING,2018-05-31 12:48:50.570
000491210314001,613346BC-2AD3-44BC-9452-11F44EF21079,H class,2018-05-31 12:48:50.570
000491210314001,61F04A6A-8ABF-4838-B7BF-C22549C2E807,无,2018-05-31 12:48:50.570
000491210314001,64FF8B58-0FAB-4BB5-8D46-C043F4852B69,2NO+2NC,2018-05-31 12:48:50.570
000491210314001,662543AD-AB4C-460E-8405-FF6E9D65DE18,ETU27B: LSING,2018-05-31 12:48:50.570
000491210314001,679923CE-13F6-4774-8694-A93EC845250F,2500 A,2018-05-31 12:48:50.570
000491210314001,89BBC6F3-6088-43C5-BD53-ABC951639983,3WL12,2018-05-31 12:48:50.570
000491210314001,A6DBD6A0-A1FF-40EF-8705-694C3560E95A,AC230V/DC220V,2018-05-31 12:48:50.570
000491210314001,B2DD2F19-2E39-483F-BE41-5FF0A7380FF3,"Withdrawable, without guide frame",2018-05-31 12:48:50.570
000491210314001,D4896EEA-79AE-47A6-82BF-4EF3FB8A2D8F,H 型（高分断）,2018-05-31 12:48:50.570
000491210314001,E19D2E53-11C2-4DCC-B959-AF502EF3956F,手动储能，机械合闸，电气合闸(AC110V/DC110V),2018-05-31 12:48:50.570
000491210314001,E323F29B-467F-4C2D-8EC7-26662F84B195,IEC market as per IEC 60947-2,2018-05-31 12:48:50.570
000491210314001,E8F770E0-3779-49AB-AC88-559505831C62,manual operating with mechanical and electrical closing(AC110V/DC110V),2018-05-31 12:48:50.570
000491210314001,EDE1DB83-B1BD-4040-9BA1-9E896E81C702,3WL12,2018-05-31 12:48:50.570
000491210314001,F57CD891-5970-4777-B11C-9A796EC01F4E,AC230V/DC220V,2018-05-31 12:48:50.570
000491210314002,18749E59-C3CE-43CB-AF66-521BD545CB99,AC230V/DC220V,2018-05-31 12:48:50.570
000491210314002,2528B418-B183-4D5C-96B3-A871373EFBE8,4 pole,2018-05-31 12:48:50.570
000491210314002,30F03F25-4FAC-465F-8172-4BFEEE958E48,without,2018-05-31 12:48:50.570
000491210314002,328F9488-0038-42B7-9333-8724B9E7602C,3200 A,2018-05-31 12:48:50.570
000491210314002,3E876207-7C08-4CDF-9669-E6BD5CD944E2,"抽屉式, 带框架，水平后置连接",2018-05-31 12:48:50.570
000491210314002,4273CDC5-0F33-4C46-B357-E9F259FB46CB,4 pole,2018-05-31 12:48:50.570
000491210314002,46B0E2EE-93F2-4A4B-A47F-9D9C681C3F03,AC230V/DC220V,2018-05-31 12:48:50.570
000491210314002,4F0DCF49-196B-4E3A-9FE0-8238307196B1,IEC 市场,2018-05-31 12:48:50.570
000491210314002,4FB1ABE3-9F0E-4E05-95AF-A146EEBCE760,2NO+2NC,2018-05-31 12:48:50.570
000491210314002,509F9AB5-5416-4599-BE63-8191D05783C3,ETU27B: LSING,2018-05-31 12:48:50.570
000491210314002,613346BC-2AD3-44BC-9452-11F44EF21079,H class,2018-05-31 12:48:50.570
000491210314002,61F04A6A-8ABF-4838-B7BF-C22549C2E807,无,2018-05-31 12:48:50.570
000491210314002,64FF8B58-0FAB-4BB5-8D46-C043F4852B69,2NO+2NC,2018-05-31 12:48:50.570
000491210314002,662543AD-AB4C-460E-8405-FF6E9D65DE18,ETU27B: LSING,2018-05-31 12:48:50.570
000491210314002,679923CE-13F6-4774-8694-A93EC845250F,3200 A,2018-05-31 12:48:50.570
000491210314002,89BBC6F3-6088-43C5-BD53-ABC951639983,3WL12,2018-05-31 12:48:50.570
000491210314002,A6DBD6A0-A1FF-40EF-8705-694C3560E95A,AC230V/DC220V,2018-05-31 12:48:50.570
000491210314002,B2DD2F19-2E39-483F-BE41-5FF0A7380FF3,"Withdrawable, with frame, horizontal connection",2018-05-31 12:48:50.570
000491210314002,D4896EEA-79AE-47A6-82BF-4EF3FB8A2D8F,H 型（高分断）,2018-05-31 12:48:50.570
000491210314002,E19D2E53-11C2-4DCC-B959-AF502EF3956F,"手动储能，电动储能(AC208-240V,DC220-250V)，机械合闸，电气合闸（AC230V/DC220V)",2018-05-31 12:48:50.570
000491210314002,E323F29B-467F-4C2D-8EC7-26662F84B195,IEC market as per IEC 60947-2,2018-05-31 12:48:50.570
000491210314002,E8F770E0-3779-49AB-AC88-559505831C62,"manual+motor operating(AC208-240V,DC220-250V)with mechanical and electrical closing(AC230V/DC220V)",2018-05-31 12:48:50.570
000491210314002,EDE1DB83-B1BD-4040-9BA1-9E896E81C702,3WL12,2018-05-31 12:48:50.570
000491210314002,F57CD891-5970-4777-B11C-9A796EC01F4E,AC230V/DC220V,2018-05-31 12:48:50.570
000491210314003,18749E59-C3CE-43CB-AF66-521BD545CB99,AC110V/DC110V,2018-05-31 12:48:50.570
000491210314003,2528B418-B183-4D5C-96B3-A871373EFBE8,4 pole,2018-05-31 12:48:50.570
000491210314003,30F03F25-4FAC-465F-8172-4BFEEE958E48,without,2018-05-31 12:48:50.570
000491210314003,328F9488-0038-42B7-9333-8724B9E7602C,3200 A,2018-05-31 12:48:50.570
000491210314003,3E876207-7C08-4CDF-9669-E6BD5CD944E2,"抽屉式, 不带框架",2018-05-31 12:48:50.570
000491210314003,4273CDC5-0F33-4C46-B357-E9F259FB46CB,4 pole,2018-05-31 12:48:50.570
000491210314003,46B0E2EE-93F2-4A4B-A47F-9D9C681C3F03,AC110V/DC110V,2018-05-31 12:48:50.570
000491210314003,4F0DCF49-196B-4E3A-9FE0-8238307196B1,IEC 市场,2018-05-31 12:48:50.570
000491210314003,4FB1ABE3-9F0E-4E05-95AF-A146EEBCE760,2NO+2NC,2018-05-31 12:48:50.570
000491210314003,509F9AB5-5416-4599-BE63-8191D05783C3,ETU27B: LSING,2018-05-31 12:48:50.570
000491210314003,613346BC-2AD3-44BC-9452-11F44EF21079,H class,2018-05-31 12:48:50.570
000491210314003,61F04A6A-8ABF-4838-B7BF-C22549C2E807,无,2018-05-31 12:48:50.570
000491210314003,64FF8B58-0FAB-4BB5-8D46-C043F4852B69,2NO+2NC,2018-05-31 12:48:50.570
000491210314003,662543AD-AB4C-460E-8405-FF6E9D65DE18,ETU27B: LSING,2018-05-31 12:48:50.570
000491210314003,679923CE-13F6-4774-8694-A93EC845250F,3200 A,2018-05-31 12:48:50.570
000491210314003,89BBC6F3-6088-43C5-BD53-ABC951639983,3WL12,2018-05-31 12:48:50.570
000491210314003,A6DBD6A0-A1FF-40EF-8705-694C3560E95A,AC230V/DC220V,2018-05-31 12:48:50.570
000491210314003,B2DD2F19-2E39-483F-BE41-5FF0A7380FF3,"Withdrawable, without guide frame",2018-05-31 12:48:50.570
000491210314003,D4896EEA-79AE-47A6-82BF-4EF3FB8A2D8F,H 型（高分断）,2018-05-31 12:48:50.570
000491210314003,E19D2E53-11C2-4DCC-B959-AF502EF3956F,手动储能，机械合闸，电气合闸(AC110V/DC110V),2018-05-31 12:48:50.570
000491210314003,E323F29B-467F-4C2D-8EC7-26662F84B195,IEC market as per IEC 60947-2,2018-05-31 12:48:50.570
000491210314003,E8F770E0-3779-49AB-AC88-559505831C62,manual operating with mechanical and electrical closing(AC110V/DC110V),2018-05-31 12:48:50.570
000491210314003,EDE1DB83-B1BD-4040-9BA1-9E896E81C702,3WL12,2018-05-31 12:48:50.570
000491210314003,F57CD891-5970-4777-B11C-9A796EC01F4E,AC230V/DC220V,2018-05-31 12:48:50.570
000491210315000,18749E59-C3CE-43CB-AF66-521BD545CB99,AC110V/DC110V,2018-05-31 12:48:50.570
000491210315000,2528B418-B183-4D5C-96B3-A871373EFBE8,4 pole,2018-05-31 12:48:50.570
000491210315000,30F03F25-4FAC-465F-8172-4BFEEE958E48,without,2018-05-31 12:48:50.570
000491210315000,328F9488-0038-42B7-9333-8724B9E7602C,2000 A,2018-05-31 12:48:50.570
000491210315000,3E876207-7C08-4CDF-9669-E6BD5CD944E2,"抽屉式, 不带框架",2018-05-31 12:48:50.570
000491210315000,4273CDC5-0F33-4C46-B357-E9F259FB46CB,4 pole,2018-05-31 12:48:50.570
000491210315000,46B0E2EE-93F2-4A4B-A47F-9D9C681C3F03,AC110V/DC110V,2018-05-31 12:48:50.570
000491210315000,4F0DCF49-196B-4E3A-9FE0-8238307196B1,IEC 市场,2018-05-31 12:48:50.570
000491210315000,4FB1ABE3-9F0E-4E05-95AF-A146EEBCE760,2NO+2NC,2018-05-31 12:48:50.570
000491210315000,509F9AB5-5416-4599-BE63-8191D05783C3,ETU27B: LSING,2018-05-31 12:48:50.570
000491210315000,613346BC-2AD3-44BC-9452-11F44EF21079,H class,2018-05-31 12:48:50.570
000491210315000,61F04A6A-8ABF-4838-B7BF-C22549C2E807,无,2018-05-31 12:48:50.570
000491210315000,64FF8B58-0FAB-4BB5-8D46-C043F4852B69,2NO+2NC,2018-05-31 12:48:50.570
000491210315000,662543AD-AB4C-460E-8405-FF6E9D65DE18,ETU27B: LSING,2018-05-31 12:48:50.570
000491210315000,679923CE-13F6-4774-8694-A93EC845250F,2000 A,2018-05-31 12:48:50.570
000491210315000,89BBC6F3-6088-43C5-BD53-ABC951639983,3WL12,2018-05-31 12:48:50.570
000491210315000,A6DBD6A0-A1FF-40EF-8705-694C3560E95A,AC230V/DC220V,2018-05-31 12:48:50.570
000491210315000,B2DD2F19-2E39-483F-BE41-5FF0A7380FF3,"Withdrawable, without guide frame",2018-05-31 12:48:50.570
000491210315000,D4896EEA-79AE-47A6-82BF-4EF3FB8A2D8F,H 型（高分断）,2018-05-31 12:48:50.570
000491210315000,E19D2E53-11C2-4DCC-B959-AF502EF3956F,手动储能，机械合闸，电气合闸(AC110V/DC110V),2018-05-31 12:48:50.570
000491210315000,E323F29B-467F-4C2D-8EC7-26662F84B195,IEC market as per IEC 60947-2,2018-05-31 12:48:50.570
000491210315000,E8F770E0-3779-49AB-AC88-559505831C62,manual operating with mechanical and electrical closing(AC110V/DC110V),2018-05-31 12:48:50.570
000491210315000,EDE1DB83-B1BD-4040-9BA1-9E896E81C702,3WL12,2018-05-31 12:48:50.570
000491210315000,F57CD891-5970-4777-B11C-9A796EC01F4E,AC230V/DC220V,2018-05-31 12:48:50.570
000491210315001,18749E59-C3CE-43CB-AF66-521BD545CB99,AC230V/DC220V,2018-05-31 12:48:50.570
000491210315001,2528B418-B183-4D5C-96B3-A871373EFBE8,4 pole,2018-05-31 12:48:50.570
000491210315001,30F03F25-4FAC-465F-8172-4BFEEE958E48,without,2018-05-31 12:48:50.570
000491210315001,328F9488-0038-42B7-9333-8724B9E7602C,2500 A,2018-05-31 12:48:50.570
000491210315001,3E876207-7C08-4CDF-9669-E6BD5CD944E2,"抽屉式, 带框架，水平后置连接",2018-05-31 12:48:50.570
000491210315001,4273CDC5-0F33-4C46-B357-E9F259FB46CB,4 pole,2018-05-31 12:48:50.570
000491210315001,46B0E2EE-93F2-4A4B-A47F-9D9C681C3F03,AC230V/DC220V,2018-05-31 12:48:50.570
000491210315001,4F0DCF49-196B-4E3A-9FE0-8238307196B1,IEC 市场,2018-05-31 12:48:50.570
000491210315001,4FB1ABE3-9F0E-4E05-95AF-A146EEBCE760,2NO+2NC,2018-05-31 12:48:50.570
000491210315001,509F9AB5-5416-4599-BE63-8191D05783C3,ETU27B: LSING,2018-05-31 12:48:50.570
000491210315001,613346BC-2AD3-44BC-9452-11F44EF21079,H class,2018-05-31 12:48:50.570
000491210315001,61F04A6A-8ABF-4838-B7BF-C22549C2E807,无,2018-05-31 12:48:50.570
000491210315001,64FF8B58-0FAB-4BB5-8D46-C043F4852B69,2NO+2NC,2018-05-31 12:48:50.570
000491210315001,662543AD-AB4C-460E-8405-FF6E9D65DE18,ETU27B: LSING,2018-05-31 12:48:50.570
000491210315001,679923CE-13F6-4774-8694-A93EC845250F,2500 A,2018-05-31 12:48:50.570
000491210315001,89BBC6F3-6088-43C5-BD53-ABC951639983,3WL12,2018-05-31 12:48:50.570
000491210315001,A6DBD6A0-A1FF-40EF-8705-694C3560E95A,AC230V/DC220V,2018-05-31 12:48:50.570
000491210315001,B2DD2F19-2E39-483F-BE41-5FF0A7380FF3,"Withdrawable, with frame, horizontal connection",2018-05-31 12:48:50.570
000491210315001,D4896EEA-79AE-47A6-82BF-4EF3FB8A2D8F,H 型（高分断）,2018-05-31 12:48:50.570
000491210315001,E19D2E53-11C2-4DCC-B959-AF502EF3956F,"手动储能，电动储能(AC208-240V,DC220-250V)，机械合闸，电气合闸（AC230V/DC220V)",2018-05-31 12:48:50.570
000491210315001,E323F29B-467F-4C2D-8EC7-26662F84B195,IEC market as per IEC 60947-2,2018-05-31 12:48:50.570
000491210315001,E8F770E0-3779-49AB-AC88-559505831C62,"manual+motor operating(AC208-240V,DC220-250V)with mechanical and electrical closing(AC230V/DC220V)",2018-05-31 12:48:50.570
000491210315001,EDE1DB83-B1BD-4040-9BA1-9E896E81C702,3WL12,2018-05-31 12:48:50.570
000491210315001,F57CD891-5970-4777-B11C-9A796EC01F4E,AC230V/DC220V,2018-05-31 12:48:50.570
000491210316000,18749E59-C3CE-43CB-AF66-521BD545CB99,AC230V/DC220V,2018-05-31 12:48:50.570
000491210316000,2528B418-B183-4D5C-96B3-A871373EFBE8,4 pole,2018-05-31 12:48:50.570
000491210316000,30F03F25-4FAC-465F-8172-4BFEEE958E48,without,2018-05-31 12:48:50.570
000491210316000,328F9488-0038-42B7-9333-8724B9E7602C,3200 A,2018-05-31 12:48:50.570
000491210316000,3E876207-7C08-4CDF-9669-E6BD5CD944E2,"抽屉式, 不带框架",2018-05-31 12:48:50.570
000491210316000,4273CDC5-0F33-4C46-B357-E9F259FB46CB,4 pole,2018-05-31 12:48:50.570
000491210316000,46B0E2EE-93F2-4A4B-A47F-9D9C681C3F03,AC230V/DC220V,2018-05-31 12:48:50.570
000491210316000,4F0DCF49-196B-4E3A-9FE0-8238307196B1,IEC 市场,2018-05-31 12:48:50.570
000491210316000,4FB1ABE3-9F0E-4E05-95AF-A146EEBCE760,2NO+2NC,2018-05-31 12:48:50.570
000491210316000,509F9AB5-5416-4599-BE63-8191D05783C3,ETU27B: LSING,2018-05-31 12:48:50.570
000491210316000,613346BC-2AD3-44BC-9452-11F44EF21079,H class,2018-05-31 12:48:50.570
000491210316000,61F04A6A-8ABF-4838-B7BF-C22549C2E807,无,2018-05-31 12:48:50.570
000491210316000,64FF8B58-0FAB-4BB5-8D46-C043F4852B69,2NO+2NC,2018-05-31 12:48:50.570
000491210316000,662543AD-AB4C-460E-8405-FF6E9D65DE18,ETU27B: LSING,2018-05-31 12:48:50.570
000491210316000,679923CE-13F6-4774-8694-A93EC845250F,3200 A,2018-05-31 12:48:50.570
000491210316000,89BBC6F3-6088-43C5-BD53-ABC951639983,3WL12,2018-05-31 12:48:50.570
000491210316000,A6DBD6A0-A1FF-40EF-8705-694C3560E95A,AC230V/DC220V,2018-05-31 12:48:50.570
000491210316000,B2DD2F19-2E39-483F-BE41-5FF0A7380FF3,"Withdrawable, without guide frame",2018-05-31 12:48:50.570
000491210316000,D4896EEA-79AE-47A6-82BF-4EF3FB8A2D8F,H 型（高分断）,2018-05-31 12:48:50.570
000491210316000,E19D2E53-11C2-4DCC-B959-AF502EF3956F,"手动储能，电动储能(AC208-240V,DC220-250V)，机械合闸，电气合闸（AC230V/DC220V)",2018-05-31 12:48:50.570
000491210316000,E323F29B-467F-4C2D-8EC7-26662F84B195,IEC market as per IEC 60947-2,2018-05-31 12:48:50.570
000491210316000,E8F770E0-3779-49AB-AC88-559505831C62,"manual+motor operating(AC208-240V,DC220-250V)with mechanical and electrical closing(AC230V/DC220V)",2018-05-31 12:48:50.570
000491210316000,EDE1DB83-B1BD-4040-9BA1-9E896E81C702,3WL12,2018-05-31 12:48:50.570
000491210316000,F57CD891-5970-4777-B11C-9A796EC01F4E,AC230V/DC220V,2018-05-31 12:48:50.570
000491210316001,18749E59-C3CE-43CB-AF66-521BD545CB99,AC230V/DC220V,2018-05-31 12:48:50.570
000491210316001,2528B418-B183-4D5C-96B3-A871373EFBE8,4 pole,2018-05-31 12:48:50.570
000491210316001,30F03F25-4FAC-465F-8172-4BFEEE958E48,without,2018-05-31 12:48:50.570
000491210316001,328F9488-0038-42B7-9333-8724B9E7602C,2000 A,2018-05-31 12:48:50.570
000491210316001,3E876207-7C08-4CDF-9669-E6BD5CD944E2,"抽屉式, 不带框架",2018-05-31 12:48:50.570
000491210316001,4273CDC5-0F33-4C46-B357-E9F259FB46CB,4 pole,2018-05-31 12:48:50.570
000491210316001,46B0E2EE-93F2-4A4B-A47F-9D9C681C3F03,AC230V/DC220V,2018-05-31 12:48:50.570
000491210316001,4F0DCF49-196B-4E3A-9FE0-8238307196B1,IEC 市场,2018-05-31 12:48:50.570
000491210316001,4FB1ABE3-9F0E-4E05-95AF-A146EEBCE760,2NO+2NC,2018-05-31 12:48:50.570
000491210316001,509F9AB5-5416-4599-BE63-8191D05783C3,ETU27B: LSING,2018-05-31 12:48:50.570
000491210316001,613346BC-2AD3-44BC-9452-11F44EF21079,H class,2018-05-31 12:48:50.570
000491210316001,61F04A6A-8ABF-4838-B7BF-C22549C2E807,无,2018-05-31 12:48:50.570
000491210316001,64FF8B58-0FAB-4BB5-8D46-C043F4852B69,2NO+2NC,2018-05-31 12:48:50.570
000491210316001,662543AD-AB4C-460E-8405-FF6E9D65DE18,ETU27B: LSING,2018-05-31 12:48:50.570
000491210316001,679923CE-13F6-4774-8694-A93EC845250F,2000 A,2018-05-31 12:48:50.570
000491210316001,89BBC6F3-6088-43C5-BD53-ABC951639983,3WL12,2018-05-31 12:48:50.570
000491210316001,A6DBD6A0-A1FF-40EF-8705-694C3560E95A,DC24V,2018-05-31 12:48:50.570
000491210316001,B2DD2F19-2E39-483F-BE41-5FF0A7380FF3,"Withdrawable, without guide frame",2018-05-31 12:48:50.570
000491210316001,D4896EEA-79AE-47A6-82BF-4EF3FB8A2D8F,H 型（高分断）,2018-05-31 12:48:50.570
000491210316001,E19D2E53-11C2-4DCC-B959-AF502EF3956F,"手动储能，电动储能(AC208-240V,DC220-250V)，机械合闸，电气合闸（AC230V/DC220V)",2018-05-31 12:48:50.570
000491210316001,E323F29B-467F-4C2D-8EC7-26662F84B195,IEC market as per IEC 60947-2,2018-05-31 12:48:50.570
000491210316001,E8F770E0-3779-49AB-AC88-559505831C62,"manual+motor operating(AC208-240V,DC220-250V)with mechanical and electrical closing(AC230V/DC220V)",2018-05-31 12:48:50.570
000491210316001,EDE1DB83-B1BD-4040-9BA1-9E896E81C702,3WL12,2018-05-31 12:48:50.570
000491210316001,F57CD891-5970-4777-B11C-9A796EC01F4E,DC24V,2018-05-31 12:48:50.570
000491210316002,18749E59-C3CE-43CB-AF66-521BD545CB99,AC230V/DC220V,2018-05-31 12:48:50.570
000491210316002,2528B418-B183-4D5C-96B3-A871373EFBE8,4 pole,2018-05-31 12:48:50.570
000491210316002,30F03F25-4FAC-465F-8172-4BFEEE958E48,without,2018-05-31 12:48:50.570
000491210316002,328F9488-0038-42B7-9333-8724B9E7602C,2500 A,2018-05-31 12:48:50.570
000491210316002,3E876207-7C08-4CDF-9669-E6BD5CD944E2,"抽屉式, 带框架，水平后置连接",2018-05-31 12:48:50.570
000491210316002,4273CDC5-0F33-4C46-B357-E9F259FB46CB,4 pole,2018-05-31 12:48:50.570
000491210316002,46B0E2EE-93F2-4A4B-A47F-9D9C681C3F03,AC230V/DC220V,2018-05-31 12:48:50.570
000491210316002,4F0DCF49-196B-4E3A-9FE0-8238307196B1,IEC 市场,2018-05-31 12:48:50.570
000491210316002,4FB1ABE3-9F0E-4E05-95AF-A146EEBCE760,2NO+2NC,2018-05-31 12:48:50.570
000491210316002,509F9AB5-5416-4599-BE63-8191D05783C3,ETU27B: LSING,2018-05-31 12:48:50.570
000491210316002,613346BC-2AD3-44BC-9452-11F44EF21079,H class,2018-05-31 12:48:50.570
000491210316002,61F04A6A-8ABF-4838-B7BF-C22549C2E807,无,2018-05-31 12:48:50.570
000491210316002,64FF8B58-0FAB-4BB5-8D46-C043F4852B69,2NO+2NC,2018-05-31 12:48:50.570
000491210316002,662543AD-AB4C-460E-8405-FF6E9D65DE18,ETU27B: LSING,2018-05-31 12:48:50.570
000491210316002,679923CE-13F6-4774-8694-A93EC845250F,2500 A,2018-05-31 12:48:50.570
000491210316002,89BBC6F3-6088-43C5-BD53-ABC951639983,3WL12,2018-05-31 12:48:50.570
000491210316002,A6DBD6A0-A1FF-40EF-8705-694C3560E95A,AC230V/DC220V,2018-05-31 12:48:50.570
000491210316002,B2DD2F19-2E39-483F-BE41-5FF0A7380FF3,"Withdrawable, with frame, horizontal connection",2018-05-31 12:48:50.570
000491210316002,D4896EEA-79AE-47A6-82BF-4EF3FB8A2D8F,H 型（高分断）,2018-05-31 12:48:50.570
000491210316002,E19D2E53-11C2-4DCC-B959-AF502EF3956F,"手动储能，电动储能(AC208-240V,DC220-250V)，机械合闸，电气合闸（AC230V/DC220V)",2018-05-31 12:48:50.570
000491210316002,E323F29B-467F-4C2D-8EC7-26662F84B195,IEC market as per IEC 60947-2,2018-05-31 12:48:50.570
000491210316002,E8F770E0-3779-49AB-AC88-559505831C62,"manual+motor operating(AC208-240V,DC220-250V)with mechanical and electrical closing(AC230V/DC220V)",2018-05-31 12:48:50.570
000491210316002,EDE1DB83-B1BD-4040-9BA1-9E896E81C702,3WL12,2018-05-31 12:48:50.570
000491210316002,F57CD891-5970-4777-B11C-9A796EC01F4E,AC230V/DC220V,2018-05-31 12:48:50.570
000491210316003,18749E59-C3CE-43CB-AF66-521BD545CB99,AC230V/DC220V,2018-05-31 12:48:50.570
000491210316003,2528B418-B183-4D5C-96B3-A871373EFBE8,4 pole,2018-05-31 12:48:50.570
000491210316003,30F03F25-4FAC-465F-8172-4BFEEE958E48,without,2018-05-31 12:48:50.570
000491210316003,328F9488-0038-42B7-9333-8724B9E7602C,2000 A,2018-05-31 12:48:50.570
000491210316003,3E876207-7C08-4CDF-9669-E6BD5CD944E2,"抽屉式, 不带框架",2018-05-31 12:48:50.570
000491210316003,4273CDC5-0F33-4C46-B357-E9F259FB46CB,4 pole,2018-05-31 12:48:50.570
000491210316003,46B0E2EE-93F2-4A4B-A47F-9D9C681C3F03,AC230V/DC220V,2018-05-31 12:48:50.570
000491210316003,4F0DCF49-196B-4E3A-9FE0-8238307196B1,IEC 市场,2018-05-31 12:48:50.570
000491210316003,4FB1ABE3-9F0E-4E05-95AF-A146EEBCE760,2NO+2NC,2018-05-31 12:48:50.570
000491210316003,509F9AB5-5416-4599-BE63-8191D05783C3,ETU27B: LSING,2018-05-31 12:48:50.570
000491210316003,613346BC-2AD3-44BC-9452-11F44EF21079,H class,2018-05-31 12:48:50.570
000491210316003,61F04A6A-8ABF-4838-B7BF-C22549C2E807,无,2018-05-31 12:48:50.570
000491210316003,64FF8B58-0FAB-4BB5-8D46-C043F4852B69,2NO+2NC,2018-05-31 12:48:50.570
000491210316003,662543AD-AB4C-460E-8405-FF6E9D65DE18,ETU27B: LSING,2018-05-31 12:48:50.570
000491210316003,679923CE-13F6-4774-8694-A93EC845250F,2000 A,2018-05-31 12:48:50.570
000491210316003,89BBC6F3-6088-43C5-BD53-ABC951639983,3WL12,2018-05-31 12:48:50.570
000491210316003,A6DBD6A0-A1FF-40EF-8705-694C3560E95A,AC230V/DC220V,2018-05-31 12:48:50.570
000491210316003,B2DD2F19-2E39-483F-BE41-5FF0A7380FF3,"Withdrawable, without guide frame",2018-05-31 12:48:50.570
000491210316003,D4896EEA-79AE-47A6-82BF-4EF3FB8A2D8F,H 型（高分断）,2018-05-31 12:48:50.570
000491210316003,E19D2E53-11C2-4DCC-B959-AF502EF3956F,"手动储能，电动储能(AC208-240V,DC220-250V)，机械合闸，电气合闸（AC230V/DC220V)",2018-05-31 12:48:50.570
000491210316003,E323F29B-467F-4C2D-8EC7-26662F84B195,IEC market as per IEC 60947-2,2018-05-31 12:48:50.570
000491210316003,E8F770E0-3779-49AB-AC88-559505831C62,"manual+motor operating(AC208-240V,DC220-250V)with mechanical and electrical closing(AC230V/DC220V)",2018-05-31 12:48:50.570
000491210316003,EDE1DB83-B1BD-4040-9BA1-9E896E81C702,3WL12,2018-05-31 12:48:50.570
000491210316003,F57CD891-5970-4777-B11C-9A796EC01F4E,AC230V/DC220V,2018-05-31 12:48:50.570
000491210319000,18749E59-C3CE-43CB-AF66-521BD545CB99,AC110V/DC110V,2018-05-31 12:48:50.570
000491210319000,2528B418-B183-4D5C-96B3-A871373EFBE8,4 pole,2018-05-31 12:48:50.570
000491210319000,30F03F25-4FAC-465F-8172-4BFEEE958E48,without,2018-05-31 12:48:50.570
000491210319000,328F9488-0038-42B7-9333-8724B9E7602C,3200 A,2018-05-31 12:48:50.570
000491210319000,3E876207-7C08-4CDF-9669-E6BD5CD944E2,"抽屉式, 不带框架",2018-05-31 12:48:50.570
000491210319000,4273CDC5-0F33-4C46-B357-E9F259FB46CB,4 pole,2018-05-31 12:48:50.570
000491210319000,46B0E2EE-93F2-4A4B-A47F-9D9C681C3F03,AC110V/DC110V,2018-05-31 12:48:50.570
000491210319000,4F0DCF49-196B-4E3A-9FE0-8238307196B1,IEC 市场,2018-05-31 12:48:50.570
000491210319000,4FB1ABE3-9F0E-4E05-95AF-A146EEBCE760,2NO+2NC,2018-05-31 12:48:50.570
000491210319000,509F9AB5-5416-4599-BE63-8191D05783C3,ETU27B: LSING,2018-05-31 12:48:50.570
000491210319000,613346BC-2AD3-44BC-9452-11F44EF21079,H class,2018-05-31 12:48:50.570
000491210319000,61F04A6A-8ABF-4838-B7BF-C22549C2E807,无,2018-05-31 12:48:50.570
000491210319000,64FF8B58-0FAB-4BB5-8D46-C043F4852B69,2NO+2NC,2018-05-31 12:48:50.570
000491210319000,662543AD-AB4C-460E-8405-FF6E9D65DE18,ETU27B: LSING,2018-05-31 12:48:50.570
000491210319000,679923CE-13F6-4774-8694-A93EC845250F,3200 A,2018-05-31 12:48:50.570
000491210319000,89BBC6F3-6088-43C5-BD53-ABC951639983,3WL12,2018-05-31 12:48:50.570
